,LOAN_ID,orig_rt,orig_amt,orig_trm,oltv,ocltv,num_bo,dti,CSCORE_B,FTHB_FLG,purpose,PROP_TYP,NUM_UNIT,occ_stat,state,zip_3,mi_pct,CSCORE_C,relo_flg,MI_TYPE,ORIG_DTE,LAST_RT,LAST_UPB,msa,FCC_COST,PP_COST,AR_COST,IE_COST,TAX_COST,NS_PROCS,CE_PROCS,RMW_PROCS,O_PROCS,repch_flag,LAST_ACTIVITY_DATE,F30_DTE,F60_DTE,F90_DTE,F120_DTE,F180_DTE,FCE_DTE,F180_UPB,FCE_UPB,F30_UPB,F60_UPB,F90_UPB,MOD_FLAG,FMOD_DTE,FMOD_UPB,MODIR_COST,MODFB_COST,MODFG_COST,MODTRM_CHNG,MODUPB_CHNG,z_num_periods_120,F120_UPB,CSCORE_MN,ORIG_VAL,LAST_DTE,LAST_STAT,COMPLT_FLG,INT_COST,PFG_COST,NET_LOSS,NET_SEV,MODTOT_COST,F180_UPB_dum,F120_UPB_dum,F90_UPB_dum,F60_UPB_dum,F30_UPB_dum,time_arrears_tot,time_default,good_bad
221,145000000000.0,5.25,120000,360,70,70,2.0,63.0,695.0,N,C,SF,1,P,PR,9,,773.0,N,None,01/11/2006,5.25,109494.77,41980,,,,,,,,,,0,01/07/2012,,,,,,,,,,,,0,,,,,0.0,0,0,,,695.0,171428.57,01/07/2012,P,,,,,,,0,0,0,0,0,0,0,1
1189,145000000000.0,5.625,77000,120,41,41,1.0,42.0,722.0,N,C,CO,1,P,MD,210,,,N,None,01/10/2006,5.625,50884.03,12580,,,,,,,,,,0,01/01/2010,,,,,,,,,,,,0,,,,,0.0,0,0,,,722.0,187804.88,01/01/2010,P,,,,,,,0,0,0,0,0,0,0,1
1190,145000000000.0,5.625,80000,360,54,54,2.0,34.0,781.0,N,R,SF,1,P,PR,6,,779.0,N,None,01/10/2006,5.625,74202.42,41980,,,,,,,,,,0,01/11/2011,,,,,,,,,,,,0,,,,,0.0,0,0,,,779.0,148148.15,01/11/2011,P,,,,,,,0,0,0,0,0,0,0,1
1594,145000000000.0,5.75,98000,240,73,73,2.0,32.0,746.0,N,C,SF,1,P,TN,376,,752.0,N,None,01/05/2003,5.75,72137.24,27740,,,,,,,,,,0,01/05/2011,,,,,,,,,,,,0,,,,,0.0,0,0,,,746.0,134246.58,01/05/2011,P,,,,,,,0,0,0,0,0,0,0,1
2581,145000000000.0,5.875,60000,180,12,12,2.0,24.0,786.0,N,P,SF,1,P,NY,117,,652.0,N,None,01/11/2006,5.875,857.85,35620,,,,,,,,,,0,01/05/2020,,,,,,,,,,,,0,,,,,0.0,0,0,,,652.0,500000.0,01/05/2020,P,,,,,,,0,0,0,0,0,0,0,1
4684,145000000000.0,6.0,183000,360,71,71,2.0,16.0,789.0,N,P,SF,1,P,NE,688,,774.0,N,None,01/10/2006,6.0,180120.34,0,,,,,,,,,,0,01/03/2008,,,,,,,,,,,,0,,,,,0.0,0,0,,,774.0,257746.48,01/03/2008,P,,,,,,,0,0,0,0,0,0,0,1
7610,145000000000.0,6.125,75000,360,45,45,2.0,26.0,733.0,N,P,SF,1,P,TN,385,,,N,None,01/11/2006,6.125,73061.45,0,,,,,,,,,,0,01/02/2009,,,,,,,,,,,,0,,,,,0.0,0,0,,,733.0,166666.67,01/02/2009,P,,,,,,,0,0,0,0,0,0,0,1
7611,145000000000.0,6.125,72000,360,44,44,1.0,42.0,768.0,N,P,PU,1,P,SC,290,,,N,None,01/10/2006,6.125,70218.09,17900,,,,,,,,,,0,01/12/2008,,,,,,,,,,,,0,,,,,0.0,0,0,,,768.0,163636.36,01/12/2008,P,,,,,,,0,0,0,0,0,0,0,1
7612,145000000000.0,6.125,140000,360,78,78,2.0,30.0,763.0,N,C,SF,1,P,MN,559,,757.0,N,None,01/11/2006,6.125,136369.49,0,,,,,,,,,,0,01/01/2009,,,,,,,,,,,,0,,,,,0.0,0,0,,,757.0,179487.18,01/01/2009,P,,,,,,,0,0,0,0,0,0,0,1
7613,145000000000.0,6.125,110000,240,80,80,2.0,46.0,702.0,N,C,SF,1,P,PA,196,,702.0,N,None,01/11/2006,6.125,104575.61,39740,,,,,,,,,,0,01/08/2008,,,,,,,,,,,,0,,,,,0.0,0,0,,,702.0,137500.0,01/08/2008,P,,,,,,,0,0,0,0,0,0,0,1
7614,145000000000.0,6.125,110000,180,38,38,2.0,30.0,612.0,N,C,SF,1,P,CT,65,,676.0,N,None,01/10/2006,6.125,96043.86,35300,,,,,,,,,,0,01/06/2009,,,,,,,,,,,,0,,,,,0.0,0,0,,,612.0,289473.68,01/06/2009,P,,,,,,,0,0,0,0,0,0,0,1
7615,145000000000.0,6.125,58000,360,13,13,2.0,37.0,800.0,N,P,MH,1,P,OR,974,,789.0,N,None,01/10/2005,6.125,44899.9,0,,,,,,,,,,0,01/04/2012,,,,,,,,,,,,0,,,,,0.0,0,0,,,789.0,446153.85,01/04/2012,P,,,,,,,0,0,0,0,0,0,0,1
11286,145000000000.0,6.25,308000,360,80,90,2.0,40.0,777.0,N,P,SF,1,P,MA,18,,750.0,N,None,01/11/2006,6.25,282124.67,14460,,,,,,,,,,0,01/02/2013,,,,,,,,,,,,0,,,,,0.0,0,0,,,750.0,385000.0,01/02/2013,P,,,,,,,0,0,0,0,0,0,0,1
11287,145000000000.0,6.25,97000,360,90,90,1.0,23.0,649.0,Y,P,SF,1,P,SC,291,17.0,,N,BPMI,01/09/2006,6.25,69826.55,17900,,,,,,,,,,0,01/09/2021,,,,,,,,,,,,0,,,,,0.0,0,0,,,649.0,107777.78,01/09/2021,C,,,,,,,0,0,0,0,0,0,0,1
11288,145000000000.0,6.25,376000,180,80,80,1.0,29.0,599.0,Y,P,PU,1,P,MI,481,,,N,None,01/09/2006,6.25,,19820,,,,,,,,,,0,01/11/2006,,,,,,,,,,,,0,,,,,0.0,0,0,,,599.0,470000.0,01/11/2006,P,,,,,,,0,0,0,0,0,0,0,1
11289,145000000000.0,6.25,100000,180,24,24,1.0,32.0,802.0,Y,P,CO,1,P,NY,117,,,N,None,01/07/2006,6.25,2032.9,35620,,,,,,,,,,0,01/04/2018,,,,,,,,,,,,0,,,,,0.0,0,0,,,802.0,416666.67,01/04/2018,P,,,,,,,0,0,0,0,0,0,0,1
11290,145000000000.0,6.25,229000,360,66,66,2.0,25.0,792.0,N,R,SF,1,P,NC,282,,798.0,N,None,01/10/2006,6.25,209379.1,16740,,,,,,,,,,0,01/11/2010,,,,,,,,,,,,0,,,,,0.0,0,0,,,792.0,346969.7,01/11/2010,P,,,,,,,0,0,0,0,0,0,0,1
11291,145000000000.0,6.25,60000,360,78,78,1.0,17.0,796.0,N,P,SF,1,P,TN,371,,,N,None,01/09/2006,6.25,53831.06,0,,,,,,,,,,0,01/01/2013,,,,,,,,,,,,0,,,,,0.0,0,0,,,796.0,76923.08,01/01/2013,P,,,,,,,0,0,0,0,0,0,0,1
17123,145000000000.0,6.35,192000,360,80,80,2.0,34.0,788.0,N,P,SF,1,P,OH,430,,787.0,N,None,01/08/2006,6.35,185077.02,18140,,,,,,,,,,0,01/04/2009,,,,,,,,,,,,0,,,,,0.0,0,0,,,787.0,240000.0,01/04/2009,P,,,,,,,0,0,0,0,0,0,0,1
17709,145000000000.0,6.375,324000,360,70,70,2.0,34.0,818.0,N,P,SF,1,I,WA,981,,813.0,N,None,01/09/2006,6.375,252001.8,42660,,,,,,,,,,0,01/04/2010,,,,,,,,,,,,0,,,,,0.0,0,0,,,813.0,462857.14,01/04/2010,P,,,,,,,0,0,0,0,0,0,0,1
17710,145000000000.0,6.375,54000,240,60,60,1.0,37.0,815.0,N,R,CO,1,P,OH,444,,,N,None,01/11/2006,6.375,47907.03,49660,,,,,,,,,,0,01/01/2011,,,,,,,,,,,,0,,,,,0.0,0,0,,,815.0,90000.0,01/01/2011,P,,,,,,,0,0,0,0,0,0,0,1
17711,145000000000.0,6.375,131000,360,64,64,2.0,28.0,795.0,N,P,SF,1,P,WI,530,,782.0,N,None,01/10/2006,6.375,127473.02,43100,,,,,,,,,,0,01/04/2008,,,,,,,,,,,,0,,,,,0.0,0,0,,,782.0,204687.5,01/04/2008,P,,,,,,,0,0,0,0,0,0,0,1
17712,145000000000.0,6.375,198000,360,92,92,2.0,35.0,783.0,N,P,SF,1,P,NM,870,17.0,753.0,N,BPMI,01/10/2006,6.375,181479.97,10740,,,,,,,,,,0,01/01/2013,,,,,,,,,,,,0,,,,,0.0,0,0,,,753.0,215217.39,01/01/2013,P,,,,,,,0,0,0,0,0,0,0,1
17713,145000000000.0,6.375,97000,360,44,44,2.0,43.0,649.0,N,C,PU,1,P,CO,815,,636.0,N,None,01/09/2006,6.375,,24300,,,,,,,,,,0,01/04/2007,,,,,,,,,,,,0,,,,,0.0,0,0,,,636.0,220454.55,01/04/2007,P,,,,,,,0,0,0,0,0,0,0,1
17714,145000000000.0,6.375,147000,360,79,79,2.0,43.0,802.0,N,R,PU,1,P,MO,647,,750.0,N,None,01/11/2006,6.375,135651.96,28140,,,,,,,,,,0,01/08/2012,,,,,,,,,,,,0,,,,,0.0,0,0,,,750.0,186075.95,01/08/2012,P,,,,,,,0,0,0,0,0,0,0,1
17715,145000000000.0,6.375,202000,348,62,62,2.0,55.0,764.0,N,P,SF,1,P,SC,294,,780.0,N,None,01/07/2006,6.375,,16700,,,,,,,,,,0,01/03/2007,,,,,,,,,,,,0,,,,,0.0,0,0,,,764.0,325806.45,01/03/2007,P,,,,,,,0,0,0,0,0,0,0,1
17716,145000000000.0,6.375,81000,240,55,55,2.0,28.0,751.0,N,C,SF,1,P,TN,371,,710.0,N,None,01/10/2006,6.375,79807.53,34980,,,,,,,,,,0,01/07/2007,,,,,,,,,,,,0,,,,,0.0,0,0,,,710.0,147272.73,01/07/2007,P,,,,,,,0,0,0,0,0,0,0,1
17717,145000000000.0,6.375,84000,360,65,65,2.0,28.0,747.0,N,C,SF,1,P,WI,531,,737.0,N,None,01/11/2006,6.375,77758.03,0,,,,,,,,,,0,01/08/2012,,,,,,,,,,,,0,,,,,0.0,0,0,,,737.0,129230.77,01/08/2012,P,,,,,,,0,0,0,0,0,0,0,1
17718,145000000000.0,6.375,195000,360,95,95,2.0,51.0,714.0,Y,P,PU,1,P,AZ,853,30.0,663.0,N,BPMI,01/11/2006,6.375,137943.4,38060,,,,,,,,,,0,01/04/2015,,,,,,,,,,,,0,,,,,0.0,0,0,,,663.0,205263.16,01/04/2015,P,,,,,,,0,0,0,0,0,0,0,1
25923,145000000000.0,6.425,43000,360,73,73,1.0,45.0,623.0,N,R,SF,1,P,IL,626,,,N,None,01/11/2006,6.425,40568.12,44100,,,,,,,,,,0,01/10/2010,,,,,,,,,,,,0,,,,,0.0,0,0,,,623.0,58904.11,01/10/2010,P,,,,,,,0,0,0,0,0,0,0,1
26679,145000000000.0,6.5,199000,360,80,95,2.0,27.0,737.0,N,P,SF,1,P,WI,539,,739.0,N,None,01/10/2006,6.5,193796.85,31540,,,,,,,,,,0,01/02/2009,,,,,,,,,,,,0,,,,,0.0,0,0,,,737.0,248750.0,01/02/2009,P,,,,,,,0,0,0,0,0,0,0,1
26680,145000000000.0,6.5,218000,360,36,36,1.0,31.0,667.0,N,C,SF,4,I,CA,900,,,N,None,01/11/2006,6.5,199428.94,31100,,,,,,,,,,0,01/12/2010,,,,,,,,,,,,0,,,,,0.0,0,0,,,667.0,605555.56,01/12/2010,P,,,,,,,0,0,0,0,0,0,0,1
26681,145000000000.0,6.5,98000,360,95,95,2.0,28.0,747.0,N,R,SF,1,P,WI,549,25.0,667.0,N,BPMI,01/08/2006,6.5,88989.77,36780,,,,,,,,,,0,01/05/2013,,,,,,,,,,,,0,,,,,0.0,0,0,,,667.0,103157.89,01/05/2013,P,,,,,,,0,0,0,0,0,0,0,1
26682,145000000000.0,6.5,70000,360,63,63,1.0,23.0,813.0,Y,P,PU,1,P,VA,240,,,N,None,01/06/2006,6.5,66774.82,40220,,,,,,,,,,0,01/04/2009,,,,,,,,,,,,0,,,,,0.0,0,0,,,813.0,111111.11,01/04/2009,P,,,,,,,0,0,0,0,0,0,0,1
26683,145000000000.0,6.5,284000,360,80,80,1.0,38.0,715.0,N,P,PU,1,I,VA,201,,,N,None,01/09/2006,6.5,257674.3,47900,,,,,,,,,,0,01/06/2012,,,,,,,,,,,,0,,,,,0.0,0,0,,,715.0,355000.0,01/06/2012,P,,,,,,,0,0,0,0,0,0,0,1
26684,145000000000.0,6.5,400000,345,59,59,2.0,33.0,803.0,N,P,SF,1,P,FL,326,,808.0,N,None,01/06/2006,6.5,385670.96,23540,,,,,,,,,,0,01/05/2009,,,,,,,,,,,,0,,,,,0.0,0,0,,,803.0,677966.1,01/05/2009,P,,,,,,,0,0,0,0,0,0,0,1
26685,145000000000.0,6.5,66000,360,37,37,2.0,23.0,781.0,N,P,PU,1,P,NE,685,,,N,None,01/09/2006,6.5,61534.73,30700,,,,,,,,,,0,01/01/2012,,,,,,,,,,,,0,,,,,0.0,0,0,,,781.0,178378.38,01/01/2012,P,,,,,,,0,0,0,0,0,0,0,1
26686,145000000000.0,6.5,34000,360,48,48,2.0,13.0,763.0,N,C,SF,1,P,OH,444,,763.0,N,None,01/11/2006,6.5,33071.29,49660,,,,,,,,,,0,01/01/2008,,,,,,,,,,,,0,,,,,0.0,0,0,,,763.0,70833.33,01/01/2008,P,,,,,,,0,0,0,0,0,0,0,1
26687,145000000000.0,6.5,417000,360,54,54,1.0,29.0,712.0,N,R,PU,1,P,MD,210,,,N,None,01/09/2006,6.5,405471.81,12580,,,,,,,,,,0,01/04/2008,,,,,,,,,,,,0,,,,,0.0,0,0,,,712.0,772222.22,01/04/2008,P,,,,,,,0,0,0,0,0,0,0,1
26688,145000000000.0,6.5,135000,360,65,65,2.0,39.0,744.0,N,C,SF,1,P,IL,629,,767.0,N,None,01/10/2006,6.5,132601.37,0,,,,,,,,,,0,01/02/2008,,,,,,,,,,,,0,,,,,0.0,0,0,,,744.0,207692.31,01/02/2008,P,,,,,,,0,0,0,0,0,0,0,1
26689,145000000000.0,6.5,113000,360,73,73,2.0,23.0,806.0,N,P,SF,1,P,MT,599,,785.0,N,None,01/08/2006,6.5,111845.33,0,,,,,,,,,,0,01/09/2007,,,,,,,,,,,,0,,,,,0.0,0,0,,,785.0,154794.52,01/09/2007,P,,,,,,,0,0,0,0,0,0,0,1
34411,145000000000.0,6.625,59000,360,90,90,2.0,21.0,670.0,N,C,SF,1,P,IL,617,25.0,688.0,N,BPMI,01/10/2006,6.625,49741.03,0,,,,,,,,,,0,01/04/2011,,,,,,,,,,,,0,,,,,0.0,0,0,,,670.0,65555.56,01/04/2011,P,,,,,,,0,0,0,0,0,0,0,1
34412,145000000000.0,6.625,115000,360,80,80,2.0,30.0,801.0,N,C,SF,1,P,WI,535,,771.0,N,None,01/10/2006,6.625,107660.2,0,,,,,,,,,,0,01/03/2012,,,,,,,,,,,,0,,,,,0.0,0,0,,,771.0,143750.0,01/03/2012,P,,,,,,,0,0,0,0,0,0,0,1
34413,145000000000.0,6.625,150000,360,80,85,2.0,50.0,739.0,N,R,SF,1,P,VT,54,,733.0,N,None,01/10/2006,6.625,148853.59,15540,,,,,,,,,,0,01/06/2007,,,,,,,,,,,,0,,,,,0.0,0,0,,,733.0,187500.0,01/06/2007,P,,,,,,,0,0,0,0,0,0,0,1
34414,145000000000.0,6.625,62000,360,62,62,1.0,27.0,638.0,N,P,SF,1,P,MO,651,,,N,None,01/10/2006,6.625,46081.39,27620,,,,,,,,,,0,01/06/2011,,,,,,,,,,,,0,,,,,0.0,0,0,,,638.0,100000.0,01/06/2011,P,,,,,,,0,0,0,0,0,0,0,1
34415,145000000000.0,6.625,90000,360,69,69,1.0,27.0,697.0,N,P,SF,1,P,PR,9,,,N,None,01/10/2006,6.625,88761.36,41980,,,,,,,,,,0,01/03/2008,,,,,,,,,,,,0,,,,,0.0,0,0,,,697.0,130434.78,01/03/2008,P,,,,,,,0,0,0,0,0,0,0,1
34416,145000000000.0,6.625,400000,360,61,61,2.0,,768.0,N,C,CO,1,P,CA,930,,780.0,N,None,01/11/2006,6.625,395631.03,37100,,,,,,,,,,0,01/01/2008,,,,,,,,,,,,0,,,,,0.0,0,0,,,768.0,655737.7,01/01/2008,P,,,,,,,0,0,0,0,0,0,0,1
34417,145000000000.0,6.625,276000,360,36,36,2.0,41.0,809.0,N,C,SF,1,P,NJ,79,,817.0,N,None,01/09/2006,6.625,271880.47,35620,,,,,,,,,,0,01/03/2008,,,,,,,,,,,,0,,,,,0.0,0,0,,,809.0,766666.67,01/03/2008,P,,,,,,,0,0,0,0,0,0,0,1
38578,145000000000.0,6.65,50000,180,30,30,2.0,6.0,816.0,N,P,SF,1,P,OH,441,,816.0,N,None,01/10/2006,6.65,17865.46,17460,,,,,,,,,,0,01/10/2017,,,,,,,,,,,,0,,,,,0.0,0,0,,,816.0,166666.67,01/10/2017,P,,,,,,,0,0,0,0,0,0,0,1
38687,145000000000.0,6.69,156000,360,80,80,1.0,31.0,802.0,N,P,PU,1,P,OH,451,,,N,None,01/07/2006,6.69,151439.83,17140,,,,,,,,,,0,01/01/2009,,,,,,,,,,,,0,,,,,0.0,0,0,,,802.0,195000.0,01/01/2009,R,,,,,,,0,0,0,0,0,0,0,1
38952,145000000000.0,6.75,146000,360,80,80,1.0,24.0,796.0,N,P,SF,1,P,PA,170,,,N,None,01/09/2006,6.75,48382.88,30140,,,,,,,,,,0,01/07/2013,,,,,,,,,,,,0,,,,,0.0,0,0,,,796.0,182500.0,01/07/2013,P,,,,,,,0,0,0,0,0,0,0,1
38953,145000000000.0,6.75,111000,360,85,85,1.0,34.0,608.0,N,P,SF,1,P,OH,440,,,N,None,01/10/2001,6.75,14245.42,17460,,,,,,,,,,0,01/06/2015,,,,,,,,,,,,0,,,,,0.0,0,0,,,608.0,130588.24,01/06/2015,P,,,,,,,0,0,0,0,0,0,0,1
38954,145000000000.0,6.75,98000,360,79,79,2.0,33.0,680.0,N,C,SF,1,P,MI,499,,723.0,N,None,01/12/2006,6.75,88800.6,0,,,,,,,,,,0,01/11/2013,,,,,,,,,,,,0,,,,,0.0,0,0,,,680.0,124050.63,01/11/2013,P,,,,,,,0,0,0,0,0,0,0,1
38955,145000000000.0,6.75,60000,120,60,60,2.0,25.0,775.0,N,R,SF,1,P,ME,49,,693.0,N,None,01/09/2006,6.75,42957.2,0,,,,,,,,,,0,01/06/2010,,,,,,,,,,,,0,,,,,0.0,0,0,,,693.0,100000.0,01/06/2010,P,,,,,,,0,0,0,0,0,0,0,1
42274,145000000000.0,6.875,111000,360,80,90,2.0,35.0,808.0,N,P,SF,1,P,KS,660,,796.0,N,None,01/09/2006,6.875,107644.45,28140,,,,,,,,,,0,01/04/2009,,,,,,,,,,,,0,,,,,0.0,0,0,,,796.0,138750.0,01/04/2009,P,,,,,,,0,0,0,0,0,0,0,1
42275,145000000000.0,6.875,235000,360,84,84,2.0,54.0,742.0,N,R,SF,1,P,WI,546,12.0,723.0,N,BPMI,01/11/2006,6.875,233181.89,0,,,,,,,,,,0,01/10/2007,,,,,,,,,,,,0,,,,,0.0,0,0,,,723.0,279761.9,01/10/2007,P,,,,,,,0,0,0,0,0,0,0,1
45507,145000000000.0,7.0,78000,360,80,80,1.0,18.0,727.0,N,C,SF,1,P,MN,557,,,N,None,01/09/2006,7.0,76218.4,20260,,,,,,,,,,0,01/06/2008,,,,,,,,,,,,0,,,,,0.0,0,0,,,727.0,97500.0,01/06/2008,P,,,,,,,0,0,0,0,0,0,0,1
47454,145000000000.0,7.25,118000,360,66,66,2.0,64.0,747.0,N,R,SF,4,I,LA,708,,746.0,N,None,01/11/2006,7.25,114036.29,12940,,,,,,,,,,0,01/11/2009,,,,,,,,,,,,0,,,,,0.0,0,0,,,746.0,178787.88,01/11/2009,P,,,,,,,0,0,0,0,0,0,0,1
47455,145000000000.0,7.25,38000,360,80,80,2.0,28.0,803.0,N,P,SF,1,I,SC,298,,780.0,N,None,01/09/2006,7.25,,0,,,,,,,,,,0,01/04/2007,,,,,,,,,,,,0,,,,,0.0,0,0,,,780.0,47500.0,01/04/2007,P,,,,,,,0,0,0,0,0,0,0,1
50292,145000000000.0,6.625,55000,360,16,16,2.0,13.0,813.0,N,P,SF,1,P,MI,493,,807.0,N,None,01/08/2006,6.625,46482.37,24340,,,,,,,,,,0,01/06/2016,,,,,,,,,,,,0,,,,,0.0,0,0,,,807.0,343750.0,01/06/2016,P,,,,,,,0,0,0,0,0,0,0,1
50293,145000000000.0,6.375,95000,360,80,80,1.0,53.0,747.0,N,P,SF,1,P,CO,805,,,N,None,01/08/2006,6.375,76378.05,22660,,,,,,,,,,0,01/09/2018,,,,,,,,,,,,0,,,,,0.0,0,0,,,747.0,118750.0,01/09/2018,P,,,,,,,0,0,0,0,0,0,0,1
51852,145000000000.0,6.875,170000,360,69,69,1.0,41.0,764.0,N,C,SF,1,P,NJ,80,,,N,None,01/07/2006,6.875,168468.42,37980,,,,,,,,,,0,01/07/2007,,,,,,,,,,,,0,,,,,0.0,0,0,,,764.0,246376.81,01/07/2007,P,,,,,,,0,0,0,0,0,0,0,1
51853,145000000000.0,6.75,108000,360,60,60,2.0,21.0,669.0,N,C,SF,1,P,FL,327,,741.0,N,None,01/10/2006,6.75,99505.25,36740,,,,,,,,,,0,01/10/2012,,,,,,,,,,,,0,,,,,0.0,0,0,,,669.0,180000.0,01/10/2012,P,,,,,,,0,0,0,0,0,0,0,1
51854,145000000000.0,6.0,127000,360,95,95,2.0,61.0,655.0,N,R,SF,1,P,KY,410,30.0,702.0,N,BPMI,01/11/2006,6.0,115802.29,17140,,,,,,,,,,0,01/04/2013,,,,,,,,,,,,0,,,,,0.0,0,0,,,655.0,133684.21,01/04/2013,P,,,,,,,0,0,0,0,0,0,0,1
51855,145000000000.0,6.375,84000,360,80,90,1.0,32.0,789.0,N,P,SF,1,P,MI,481,,,N,None,01/10/2006,6.375,59862.88,19820,,,,,,,,,,0,01/09/2021,,,,,,,,,,,,0,,,,,0.0,0,0,,,789.0,105000.0,01/09/2021,C,,,,,,,0,0,0,0,0,0,0,1
51856,145000000000.0,6.5,146000,240,80,80,2.0,42.0,704.0,N,C,SF,1,P,OH,450,,700.0,N,None,01/11/2006,6.5,58128.54,17140,,,,,,,,,,0,01/09/2021,,,,,,,,,,,,0,,,,,0.0,0,0,,,700.0,182500.0,01/09/2021,C,,,,,,,0,0,0,0,0,0,0,1
51857,145000000000.0,6.875,95000,360,76,76,2.0,25.0,697.0,N,C,SF,1,P,IN,464,,742.0,N,None,01/09/2006,6.875,78918.63,16980,,,,,,,,,,0,01/01/2018,,,,,,,,,,,,0,,,,,0.0,0,0,,,697.0,125000.0,01/01/2018,P,,,,,,,0,0,0,0,0,0,0,1
56119,145000000000.0,6.625,193000,360,85,85,2.0,42.0,606.0,N,C,SF,1,P,RI,28,12.0,606.0,N,LPMI,01/11/2006,3.625,189769.13,39300,14423.74,0.0,1500.0,-173.16,1560.48,145832.23,17633.04,0.0,9137.68,0,01/03/2020,01/11/2007,01/07/2009,01/08/2009,01/09/2009,01/01/2010,01/01/2010,187211.41,193000.0,191204.72,187611.93,187611.93,1,01/01/2011,200091.86,52979.95,1367.64,0.0,1,1,33.0,187611.93,606.0,227058.82,01/02/2020,S,1.0,4361.45,0.0,38838.69,0.204663,54822.01,1,1,1,1,1,5,2,0
56712,145000000000.0,6.5,230000,360,95,95,2.0,48.0,784.0,N,R,SF,1,P,MO,650,30.0,650.0,N,BPMI,01/11/2006,6.5,226885.71,27620,,,,,,,,,,0,01/03/2008,,,,,,,,,,,,0,,,,,0.0,0,0,,,650.0,242105.26,01/03/2008,P,,,,,,,0,0,0,0,0,0,0,1
57829,145000000000.0,6.875,47000,180,36,36,1.0,56.0,688.0,N,R,SF,1,P,IL,629,,,N,None,01/08/2006,6.875,36573.17,0,9175.59,4492.47,0.0,-348.58,863.48,54638.68,0.0,0.0,1585.0,0,01/03/2014,01/08/2008,01/03/2009,01/05/2009,01/06/2009,01/08/2009,01/08/2009,36573.17,47000.0,37977.12,36777.19,36573.17,0,,,,,0.0,0,0,33.0,36573.17,688.0,130555.56,01/06/2015,F,1.0,15113.86,0.0,9646.31,0.263754,,1,1,1,1,1,5,2,0
58596,145000000000.0,6.625,154000,360,80,80,1.0,35.0,786.0,N,P,SF,1,P,GA,305,,,N,None,01/08/2006,6.625,141801.15,23580,1633.3,0.0,1500.0,0.0,0.0,124685.33,0.0,0.0,0.0,0,01/03/2013,01/08/2012,01/09/2012,01/10/2012,01/11/2012,01/01/2013,01/01/2013,141801.15,154000.0,141801.15,141801.15,141801.15,0,,,,,0.0,0,0,74.0,141801.15,786.0,192500.0,01/03/2013,S,1.0,5932.01,0.0,26181.13,0.184633,,1,1,1,1,1,5,2,0
58874,145000000000.0,6.875,220000,360,49,49,1.0,39.0,794.0,N,C,SF,1,P,MD,209,,,N,None,01/08/2006,6.875,168351.61,47900,,,,,,,,,,0,01/09/2021,01/04/2020,01/05/2020,01/06/2020,01/07/2020,01/09/2020,01/09/2020,168351.61,220000.0,168351.61,168351.61,168351.61,0,,,,,0.0,0,0,166.0,168351.61,794.0,448979.59,01/09/2021,9,,,,,,,1,1,1,1,1,5,2,0
59243,145000000000.0,6.75,225000,240,56,56,2.0,34.0,593.0,N,C,SF,1,P,NY,109,,599.0,N,None,01/06/2006,4.125,184338.12,35620,,,,,,,,,,0,01/01/2018,01/12/2006,01/04/2007,01/10/2007,01/11/2007,01/07/2009,01/07/2009,210026.08,225000.0,0.0,0.0,219065.0,1,01/04/2011,231000.45,50663.7,0.0,0.0,1,1,16.0,219065.0,593.0,401785.71,01/01/2018,P,,,,,,50663.7,1,1,1,0,0,3,2,0
61379,145000000000.0,5.75,302000,360,72,72,2.0,42.0,790.0,N,C,SF,1,S,WA,985,,782.0,N,None,01/11/2006,5.75,277158.08,0,,,,,,,,,,0,01/08/2012,,,,,,,,,,,,0,,,,,0.0,0,0,,,782.0,419444.44,01/08/2012,P,,,,,,,0,0,0,0,0,0,0,1
63571,145000000000.0,6.125,284000,360,80,90,2.0,23.0,776.0,N,P,SF,1,P,CO,801,,782.0,N,None,01/09/2006,6.125,272789.92,19740,,,,,,,,,,0,01/11/2009,,,,,,,,,,,,0,,,,,0.0,0,0,,,776.0,355000.0,01/11/2009,P,,,,,,,0,0,0,0,0,0,0,1
64858,145000000000.0,6.25,205000,360,52,52,1.0,39.0,699.0,N,C,CO,1,P,NJ,70,,,N,None,01/09/2006,6.25,201498.75,35620,,,,,,,,,,0,01/04/2008,,,,,,,,,,,,0,,,,,0.0,0,0,,,699.0,394230.77,01/04/2008,P,,,,,,,0,0,0,0,0,0,0,1
64859,145000000000.0,6.25,146000,360,66,66,2.0,37.0,713.0,N,P,SF,2,I,MT,598,,783.0,N,None,01/10/2006,6.25,130974.96,33540,,,,,,,,,,0,01/03/2013,,,,,,,,,,,,0,,,,,0.0,0,0,,,713.0,221212.12,01/03/2013,P,,,,,,,0,0,0,0,0,0,0,1
64860,145000000000.0,6.25,112000,360,63,63,2.0,45.0,685.0,N,C,SF,1,P,FL,344,,668.0,N,None,01/08/2006,6.25,105928.53,36100,,,,,,,,,,0,01/12/2009,01/11/2009,,,,,,,,105928.53,,,0,,,,,0.0,0,0,,,668.0,177777.78,01/12/2009,P,,,,,,,0,0,0,0,1,1,0,1
67257,145000000000.0,6.375,160000,360,95,95,1.0,48.0,645.0,Y,P,PU,1,P,TX,775,25.0,,N,BPMI,01/11/2006,6.375,142153.19,26420,,,,,,,,,,0,01/04/2013,,,,,,,,,,,,0,,,,,0.0,0,0,,,645.0,168421.05,01/04/2013,P,,,,,,,0,0,0,0,0,0,0,1
67258,145000000000.0,6.375,140000,360,73,73,2.0,40.0,695.0,N,R,SF,1,P,WV,267,,698.0,N,None,01/10/2006,6.375,136679.33,19060,,,,,,,,,,0,01/10/2008,,,,,,,,,,,,0,,,,,0.0,0,0,,,695.0,191780.82,01/10/2008,P,,,,,,,0,0,0,0,0,0,0,1
67259,145000000000.0,6.375,100000,360,80,80,1.0,18.0,794.0,Y,P,SF,1,P,NC,278,,,N,None,01/09/2006,6.375,84991.28,40580,,,,,,,,,,0,01/06/2011,,,,,,,,,,,,0,,,,,0.0,0,0,,,794.0,125000.0,01/06/2011,P,,,,,,,0,0,0,0,0,0,0,1
67260,145000000000.0,6.375,128000,360,56,56,1.0,,813.0,N,P,SF,1,P,MO,640,,,N,None,01/09/2006,6.375,109025.8,28140,,,,,,,,,,0,01/06/2011,,,,,,,,,,,,0,,,,,0.0,0,0,,,813.0,228571.43,01/06/2011,P,,,,,,,0,0,0,0,0,0,0,1
67261,145000000000.0,6.375,184000,360,84,84,1.0,21.0,780.0,N,R,PU,1,P,GA,300,12.0,,N,LPMI,01/10/2006,6.375,182213.99,12060,,,,,,,,,,0,01/07/2007,,,,,,,,,,,,0,,,,,0.0,0,0,,,780.0,219047.62,01/07/2007,P,,,,,,,0,0,0,0,0,0,0,1
70038,145000000000.0,6.5,50000,180,56,56,2.0,23.0,693.0,N,R,SF,1,P,OH,431,,698.0,N,None,01/09/2006,6.5,706.65,18140,,,,,,,,,,0,01/09/2021,01/10/2016,,,,,,,,22573.08,,,0,,,,,0.0,0,0,,,693.0,89285.71,01/09/2021,P,,,,,,,0,0,0,0,1,1,0,1
70039,145000000000.0,6.5,150000,360,48,48,2.0,26.0,810.0,N,P,SF,1,P,IA,520,,797.0,N,None,01/07/2006,6.5,104748.42,20220,,,,,,,,,,0,01/03/2009,,,,,,,,,,,,0,,,,,0.0,0,0,,,797.0,312500.0,01/03/2009,P,,,,,,,0,0,0,0,0,0,0,1
70040,145000000000.0,6.5,133000,180,49,49,1.0,39.0,656.0,N,C,SF,1,P,MI,483,,,N,None,01/08/2006,6.5,1147.2,19820,,,,,,,,,,0,01/09/2021,,,,,,,,,,,,0,,,,,0.0,0,0,,,656.0,271428.57,01/09/2021,P,,,,,,,0,0,0,0,0,0,0,1
70041,145000000000.0,6.5,182000,360,80,95,2.0,29.0,697.0,N,R,SF,1,P,TN,385,,759.0,N,None,01/08/2006,6.5,173374.87,34980,,,,,,,,,,0,01/10/2010,,,,,,,,,,,,0,,,,,0.0,0,0,,,697.0,227500.0,01/10/2010,P,,,,,,,0,0,0,0,0,0,0,1
70042,145000000000.0,6.5,211000,360,80,80,1.0,26.0,611.0,N,R,SF,1,P,TX,750,,,N,None,01/07/2006,6.5,204311.16,19100,,,,,,,,,,0,01/07/2009,01/03/2009,,,,,,,,204988.54,,,0,,,,,0.0,0,0,,,611.0,263750.0,01/07/2009,P,,,,,,,0,0,0,0,1,1,0,1
75209,145000000000.0,6.75,84000,360,80,80,2.0,38.0,687.0,N,C,SF,1,I,MO,631,,775.0,N,None,01/11/2006,6.75,76669.12,41180,,,,,,,,,,0,01/01/2013,,,,,,,,,,,,0,,,,,0.0,0,0,,,687.0,105000.0,01/01/2013,P,,,,,,,0,0,0,0,0,0,0,1
75210,145000000000.0,6.75,131000,360,90,90,1.0,53.0,704.0,N,C,SF,1,P,LA,701,25.0,,N,BPMI,01/11/2006,6.75,119405.36,35380,,,,,,,,,,0,01/06/2013,,,,,,,,,,,,0,,,,,0.0,0,0,,,704.0,145555.56,01/06/2013,P,,,,,,,0,0,0,0,0,0,0,1
76583,145000000000.0,6.875,91000,360,35,35,2.0,,770.0,N,R,SF,1,P,AZ,864,,769.0,N,None,01/08/2006,6.875,89252.73,29420,,,,,,,,,,0,01/07/2008,,,,,,,,,,,,0,,,,,0.0,0,0,,,769.0,260000.0,01/07/2008,P,,,,,,,0,0,0,0,0,0,0,1
77610,145000000000.0,7.0,30000,360,55,55,1.0,27.0,755.0,Y,P,SF,1,P,VA,239,,,N,None,01/09/2006,7.0,21504.05,0,,,,,,,,,,0,01/09/2021,,,,,,,,,,,,0,,,,,0.0,0,0,,,755.0,54545.45,01/09/2021,C,,,,,,,0,0,0,0,0,0,0,1
78153,145000000000.0,7.25,310000,360,59,59,1.0,49.0,720.0,N,R,SF,1,P,MI,481,,,N,None,01/09/2006,7.25,,19820,,,,,,,,,,0,01/02/2007,,,,,,,,,,,,0,,,,,0.0,0,0,,,720.0,525423.73,01/02/2007,P,,,,,,,0,0,0,0,0,0,0,1
78154,145000000000.0,7.25,355000,360,65,65,2.0,64.0,681.0,N,C,SF,1,P,CA,917,,,N,None,01/10/2006,7.25,,31100,,,,,,,,,,0,01/05/2007,,,,,,,,,,,,0,,,,,0.0,0,0,,,681.0,546153.85,01/05/2007,P,,,,,,,0,0,0,0,0,0,0,1
78155,145000000000.0,7.25,183000,240,47,47,2.0,36.0,693.0,N,C,SF,1,P,CT,62,,700.0,N,None,01/07/2006,7.25,94920.15,49340,,,,,,,,,,0,01/02/2013,01/06/2011,,,,,,,,151051.25,,,0,,,,,0.0,0,0,,,693.0,389361.7,01/02/2013,P,,,,,,,0,0,0,0,1,1,0,1
79517,145000000000.0,6.0,350000,120,52,52,2.0,45.0,722.0,N,C,SF,1,P,NY,117,,,N,None,01/11/2006,6.0,8746.91,35620,,,,,,,,,,0,01/06/2016,,,,,,,,,,,,0,,,,,0.0,0,0,,,722.0,673076.92,01/06/2016,P,,,,,,,0,0,0,0,0,0,0,1
79518,145000000000.0,5.875,178000,360,80,80,1.0,22.0,669.0,N,P,SF,1,P,MI,495,,,N,None,01/10/2006,5.875,168585.39,24340,,,,,,,,,,0,01/12/2010,,,,,,,,,,,,0,,,,,0.0,0,0,,,669.0,222500.0,01/12/2010,P,,,,,,,0,0,0,0,0,0,0,1
79519,145000000000.0,6.375,200000,180,59,59,1.0,50.0,681.0,N,C,SF,1,P,IL,606,,,N,None,01/06/2006,6.375,164037.64,16980,,,,,,,,,,0,01/06/2010,01/09/2007,,,,,,,,190552.36,,,0,,,,,0.0,0,0,,,681.0,338983.05,01/06/2010,P,,,,,,,0,0,0,0,1,1,0,1
79520,145000000000.0,6.25,175000,360,48,48,2.0,20.0,771.0,N,P,SF,1,P,LA,704,,,N,None,01/09/2006,6.25,156114.81,12940,,,,,,,,,,0,01/06/2013,,,,,,,,,,,,0,,,,,0.0,0,0,,,771.0,364583.33,01/06/2013,P,,,,,,,0,0,0,0,0,0,0,1
79521,145000000000.0,6.5,340000,360,70,70,1.0,46.0,787.0,N,C,SF,1,P,CA,958,,,N,None,01/08/2006,6.5,324999.06,40900,,,,,,,,,,0,01/04/2010,,,,,,,,,,,,0,,,,,0.0,0,0,,,787.0,485714.29,01/04/2010,P,,,,,,,0,0,0,0,0,0,0,1
79522,145000000000.0,6.25,120000,360,60,60,1.0,40.0,802.0,N,C,SF,1,P,GA,398,,,N,None,01/09/2006,6.25,118834.34,0,,,,,,,,,,0,01/09/2007,,,,,,,,,,,,0,,,,,0.0,0,0,,,802.0,200000.0,01/09/2007,P,,,,,,,0,0,0,0,0,0,0,1
79523,145000000000.0,6.375,84000,120,16,43,1.0,46.0,671.0,N,C,SF,1,P,NY,117,,,N,None,01/11/2006,6.375,75088.27,35620,,,,,,,,,,0,01/06/2008,,,,,,,,,,,,0,,,,,0.0,0,0,,,671.0,525000.0,01/06/2008,P,,,,,,,0,0,0,0,0,0,0,1
79524,145000000000.0,7.0,50000,180,26,26,1.0,32.0,789.0,Y,P,CP,1,P,NY,113,,,N,None,01/09/2006,7.0,36410.84,35620,,,,,,,,,,0,01/08/2012,01/09/2008,,,,,,,,46308.57,,,0,,,,,0.0,0,0,,,789.0,192307.69,01/08/2012,P,,,,,,,0,0,0,0,1,1,0,1
79525,145000000000.0,6.625,77000,240,90,90,1.0,28.0,743.0,Y,P,CP,1,P,NY,111,12.0,,N,BPMI,01/11/2006,6.625,61405.41,35620,,,,,,,,,,0,01/11/2012,,,,,,,,,,,,0,,,,,0.0,0,0,,,743.0,85555.56,01/11/2012,P,,,,,,,0,0,0,0,0,0,0,1
79526,145000000000.0,6.875,155000,240,60,60,1.0,28.0,632.0,N,C,SF,1,P,NJ,80,,,N,None,01/10/2006,6.875,141082.99,37980,,,,,,,,,,0,01/05/2010,01/12/2009,,,,,,,,142959.77,,,0,,,,,0.0,0,0,,,632.0,258333.33,01/05/2010,P,,,,,,,0,0,0,0,1,1,0,1
88712,145000000000.0,6.45,99000,360,80,80,1.0,30.0,656.0,N,R,SF,1,P,MO,656,,,N,None,01/11/2006,6.45,92884.02,0,2095.65,4348.87,0.0,281.02,928.39,60717.95,0.0,0.0,2000.0,0,01/01/2012,01/06/2011,01/07/2011,01/09/2011,01/10/2011,01/12/2011,01/12/2011,92884.02,99000.0,93003.48,93003.48,92884.02,0,,,,,0.0,0,0,58.0,92884.02,656.0,123750.0,01/11/2012,F,1.0,8026.73,0.0,45846.73,0.493591,,1,1,1,1,1,5,2,0
90110,145000000000.0,6.75,128000,360,80,80,1.0,37.0,684.0,N,C,SF,1,P,FL,329,,,N,None,01/07/2006,6.75,124185.74,37340,7104.85,5082.0,0.0,8067.46,4436.12,33588.78,0.0,0.0,9038.42,0,01/08/2012,01/06/2007,01/06/2009,01/07/2009,01/08/2009,01/10/2009,01/10/2009,124185.74,128000.0,127058.19,124185.74,124185.74,0,,,,,0.0,0,0,35.0,124185.74,684.0,160000.0,01/01/2013,F,1.0,29804.58,0.0,136053.55,1.095565,,1,1,1,1,1,5,2,0
90123,145000000000.0,6.875,128000,360,80,90,1.0,45.0,702.0,N,R,CO,1,P,IL,601,,,N,None,01/09/2006,6.875,124363.35,16980,5593.68,1958.09,0.0,-1304.58,7707.79,51057.12,0.0,0.0,29.92,0,01/10/2011,01/02/2009,01/07/2009,01/08/2009,01/09/2009,01/11/2009,01/11/2009,124363.35,128000.0,124869.56,124363.35,124363.35,0,,,,,0.0,0,0,35.0,124363.35,702.0,160000.0,01/03/2012,F,1.0,22991.67,0.0,110222.96,0.886298,,1,1,1,1,1,5,2,0
90443,145000000000.0,6.25,137000,360,93,93,1.0,38.0,729.0,Y,P,PU,1,P,MN,560,30.0,,N,BPMI,01/11/2006,6.25,131391.22,31860,2776.44,2820.0,0.0,564.53,2062.0,105998.32,37842.53,0.0,847.49,0,01/09/2010,01/12/2009,01/02/2010,01/03/2010,01/04/2010,01/06/2010,01/06/2010,131391.22,137000.0,131546.56,131391.22,131391.22,0,,,,,0.0,0,0,40.0,131391.22,729.0,147311.83,01/08/2011,F,1.0,12920.14,0.0,7845.99,0.059715,,1,1,1,1,1,5,2,0
91260,145000000000.0,6.0,151000,360,80,95,1.0,44.0,778.0,N,P,SF,1,P,GA,302,,,N,None,01/10/2006,6.0,147309.55,12060,1478.71,1120.0,0.0,1911.62,1906.38,38000.0,0.0,0.0,0.0,0,01/09/2010,01/12/2008,01/01/2009,01/02/2009,01/03/2009,01/05/2009,01/05/2009,147309.55,151000.0,147309.55,147309.55,147309.55,0,,,,,0.0,0,0,28.0,147309.55,778.0,188750.0,01/09/2010,T,1.0,15258.81,0.0,130985.07,0.889182,,1,1,1,1,1,5,2,0
91481,145000000000.0,6.625,155000,360,82,82,1.0,28.0,770.0,N,R,PU,1,P,IN,462,12.0,,N,BPMI,01/09/2006,6.625,151320.51,26900,3975.28,32847.4,0.0,-492.37,3659.65,127009.09,19887.64,0.0,18887.16,0,01/10/2009,01/09/2008,01/10/2008,01/11/2008,01/12/2008,01/02/2009,01/02/2009,151320.51,155000.0,151320.51,151320.51,151320.51,0,,,,,0.0,0,0,26.0,151320.51,770.0,189024.39,01/03/2010,F,1.0,15034.32,0.0,40560.9,0.268046,,1,1,1,1,1,5,2,0
91667,145000000000.0,6.625,163000,360,74,74,1.0,28.0,634.0,N,C,SF,1,P,OH,452,,,N,None,01/10/2006,6.625,155301.29,17140,9142.53,3690.0,500.0,1778.61,6118.48,93331.89,0.0,0.0,2240.12,0,01/04/2012,01/10/2007,01/11/2010,01/12/2010,01/01/2011,01/03/2011,01/03/2011,155301.29,163000.0,161327.39,155301.29,155301.29,0,,,,,0.0,0,0,50.0,155301.29,634.0,220270.27,01/04/2013,F,1.0,25174.99,0.0,106133.89,0.683406,,1,1,1,1,1,5,2,0
91868,145000000000.0,6.375,165000,360,77,77,1.0,49.0,751.0,N,R,SF,1,P,AZ,850,,,N,None,01/10/2006,6.375,159607.21,38060,2101.28,1605.0,0.0,-444.63,516.26,50913.75,0.0,0.0,0.0,0,01/01/2010,01/07/2009,01/08/2009,01/09/2009,01/10/2009,01/12/2009,01/12/2009,159607.21,165000.0,159607.21,159607.21,159607.21,0,,,,,0.0,0,0,35.0,159607.21,751.0,214285.71,01/03/2010,F,1.0,7212.25,0.0,119683.62,0.749863,,1,1,1,1,1,5,2,0
92204,145000000000.0,6.875,170000,360,80,80,2.0,25.0,622.0,N,C,SF,1,P,FL,321,,624.0,N,None,01/09/2006,6.875,166002.22,19660,7986.4,13898.7,2900.0,7675.28,5226.47,106292.44,0.0,0.0,733.94,0,01/05/2013,01/01/2008,01/02/2008,01/03/2008,01/04/2008,01/10/2008,01/10/2008,166803.91,170000.0,167428.98,167428.98,167428.98,0,,,,,0.0,0,0,18.0,167428.98,622.0,212500.0,01/11/2013,F,1.0,55963.5,0.0,152626.19,0.919423,,1,1,1,1,1,5,2,0
92727,145000000000.0,6.25,184000,360,80,80,1.0,58.0,687.0,N,C,SF,1,P,OR,975,,,N,None,01/09/2006,6.25,176684.63,32780,5423.67,4835.37,0.0,-68.05,1753.91,111301.55,0.0,0.0,0.0,0,01/09/2010,01/12/2009,01/02/2010,01/03/2010,01/04/2010,01/06/2010,01/06/2010,176684.63,184000.0,176896.22,176684.63,176684.63,0,,,,,0.0,0,0,42.0,176684.63,687.0,230000.0,01/12/2010,F,1.0,10424.39,0.0,87752.37,0.496661,,1,1,1,1,1,5,2,0
92869,145000000000.0,6.625,184000,360,80,80,2.0,48.0,655.0,N,C,SF,1,P,CA,935,,651.0,N,None,01/09/2006,6.625,179348.9,12540,1916.14,2075.0,0.0,-346.33,4284.24,52760.77,0.0,0.0,10091.69,0,01/03/2011,01/02/2009,01/03/2009,01/04/2009,01/05/2009,01/07/2009,01/07/2009,179348.9,184000.0,179348.9,179348.9,179348.9,0,,,,,0.0,0,0,30.0,179348.9,651.0,230000.0,01/09/2011,F,1.0,30011.05,0.0,154436.54,0.861096,,1,1,1,1,1,5,2,0
93037,145000000000.0,6.75,188000,360,80,80,1.0,50.0,777.0,N,P,PU,1,P,FL,342,,,N,None,01/07/2006,6.75,182817.67,35840,8261.24,10898.32,0.0,10962.65,6160.12,95024.75,0.0,0.0,0.0,0,01/01/2013,01/02/2009,01/03/2009,01/04/2009,01/05/2009,01/07/2009,01/07/2009,182817.67,188000.0,182817.67,182817.67,182817.67,0,,,,,0.0,0,0,33.0,182817.67,777.0,235000.0,01/06/2013,F,1.0,51676.46,0.0,175751.71,0.96135,,1,1,1,1,1,5,2,0
93673,145000000000.0,6.5,200000,360,80,80,1.0,51.0,714.0,N,C,SF,1,P,WA,983,,,N,None,01/09/2006,6.5,195122.46,42660,3998.06,12856.95,885.0,-194.11,2683.83,144001.28,0.0,0.0,0.0,0,01/07/2009,01/06/2007,01/07/2007,01/08/2007,01/08/2008,01/05/2009,01/05/2009,195122.46,200000.0,198713.59,198713.59,198713.59,0,,,,,0.0,0,0,22.0,196542.13,714.0,250000.0,01/01/2010,F,1.0,14000.04,0.0,85350.95,0.437422,,1,1,1,1,1,5,2,0
94143,145000000000.0,6.75,210000,360,68,68,2.0,33.0,746.0,N,C,SF,1,I,CA,958,,736.0,N,None,01/09/2006,6.75,204974.77,40900,2088.23,1255.0,0.0,0.0,1855.6,77779.63,0.0,152482.15,0.0,0,01/10/2009,01/12/2008,01/01/2009,01/02/2009,01/03/2009,01/05/2009,01/05/2009,204974.77,210000.0,204974.77,204974.77,204974.77,0,,,,,0.0,0,0,29.0,204974.77,736.0,308823.53,01/12/2009,F,1.0,14211.58,0.0,-5876.6,-0.02867,,1,1,1,1,1,5,2,0
95180,145000000000.0,7.375,240000,360,62,62,1.0,64.0,604.0,N,C,PU,1,P,FL,347,,,N,None,01/08/2006,3.0,210098.6,36740,,,,,,,,,,0,01/01/2013,01/10/2009,01/11/2009,01/12/2009,01/01/2010,01/03/2010,01/03/2010,232666.74,240000.0,232666.74,232666.74,232666.74,1,01/05/2011,258773.59,16698.38,0.0,0.0,0,1,40.0,232666.74,604.0,387096.77,01/01/2013,R,,,,,,16698.38,1,1,1,1,1,5,2,0
95378,145000000000.0,6.25,250000,360,73,73,1.0,28.0,659.0,N,C,CO,1,P,CA,935,,,N,None,01/09/2006,6.25,238020.35,31080,2400.92,2320.0,5.0,1627.23,3525.31,68157.26,0.0,0.0,0.0,0,01/06/2011,01/07/2010,01/08/2010,01/09/2010,01/10/2010,01/12/2010,01/12/2010,238020.35,250000.0,238020.35,238020.35,238020.35,0,,,,,0.0,0,0,48.0,238020.35,659.0,342465.75,01/01/2012,F,1.0,22235.07,0.0,201976.62,0.848569,,1,1,1,1,1,5,2,0
96281,145000000000.0,6.5,288000,360,80,80,1.0,44.0,704.0,N,C,PU,1,P,FL,327,,,N,None,01/10/2006,6.5,271545.77,19660,486.5,0.0,1700.0,127.91,2699.58,144830.66,0.0,156790.01,0.0,0,01/04/2011,01/12/2009,01/01/2010,01/02/2010,01/03/2010,01/05/2010,01/05/2010,271545.77,288000.0,271545.77,271545.77,271545.77,0,,,,,0.0,0,0,40.0,271545.77,704.0,360000.0,01/04/2011,S,1.0,23658.43,0.0,-1402.48,-0.005165,,1,1,1,1,1,5,2,0
96898,145000000000.0,6.875,313000,360,77,77,2.0,46.0,654.0,N,C,SF,1,P,MD,217,,678.0,N,None,01/10/2006,5.375,275498.16,12580,,,,,,,,,,0,01/05/2015,01/02/2009,01/10/2009,01/11/2009,01/12/2009,01/03/2010,01/03/2010,299806.44,313000.0,302563.25,300143.06,300143.06,1,01/08/2010,304292.19,20311.58,0.0,0.0,0,1,37.0,300143.06,654.0,406493.51,01/05/2015,P,,,,,,20311.58,1,1,1,1,1,5,2,0
99038,145000000000.0,5.75,83000,360,93,104,1.0,28.0,787.0,Y,P,SF,1,P,FL,349,18.0,,N,BPMI,01/11/2003,5.75,72808.84,38940,845.58,0.0,1030.0,192.94,0.0,29455.36,13679.24,0.0,0.0,0,01/04/2011,01/11/2010,01/12/2010,01/01/2011,01/02/2011,,01/04/2011,,72808.84,72808.84,72808.84,72808.84,0,,,,,0.0,0,0,86.0,72808.84,787.0,89247.31,01/04/2011,S,1.0,1965.84,0.0,33708.6,0.462974,,0,1,1,1,1,4,1,0
101037,145000000000.0,6.25,215000,360,67,67,2.0,48.0,650.0,N,P,PU,1,P,IL,600,,644.0,N,None,01/11/2006,6.25,191887.32,16980,,,,,,,,,,0,01/12/2013,01/09/2007,01/11/2009,01/12/2009,01/01/2010,,,,,213270.55,207453.16,206129.37,0,,,,,0.0,0,0,37.0,206129.37,644.0,320895.52,01/12/2013,P,,,,,,,0,1,1,1,1,4,1,0
102201,145000000000.0,5.75,272000,360,80,90,1.0,39.0,797.0,Y,P,PU,1,P,CA,958,,,N,None,01/11/2006,5.75,242243.64,40900,,,,,,,,,,0,01/09/2012,,,,,,,,,,,,0,,,,,0.0,0,0,,,797.0,340000.0,01/09/2012,P,,,,,,,0,0,0,0,0,0,0,1
102451,145000000000.0,5.875,202000,360,80,80,2.0,45.0,790.0,N,P,PU,1,P,ID,836,,798.0,N,None,01/09/2006,5.875,186512.98,14260,,,,,,,,,,0,01/11/2010,,,,,,,,,,,,0,,,,,0.0,0,0,,,790.0,252500.0,01/11/2010,P,,,,,,,0,0,0,0,0,0,0,1
102452,145000000000.0,5.875,122000,180,66,66,2.0,26.0,710.0,N,C,SF,1,P,PA,187,,752.0,N,None,01/10/2006,5.875,112353.83,42540,,,,,,,,,,0,01/09/2008,,,,,,,,,,,,0,,,,,0.0,0,0,,,710.0,184848.48,01/09/2008,P,,,,,,,0,0,0,0,0,0,0,1
103571,145000000000.0,6.125,388000,360,80,95,2.0,48.0,804.0,N,P,SF,1,P,TX,770,,729.0,N,None,01/08/2006,6.125,379746.42,26420,,,,,,,,,,0,01/06/2008,,,,,,,,,,,,0,,,,,0.0,0,0,,,729.0,485000.0,01/06/2008,P,,,,,,,0,0,0,0,0,0,0,1
103572,145000000000.0,6.125,72000,120,34,34,2.0,30.0,708.0,N,C,SF,1,P,FL,329,,727.0,N,None,01/11/2006,6.125,46784.69,42680,,,,,,,,,,0,01/09/2010,,,,,,,,,,,,0,,,,,0.0,0,0,,,708.0,211764.71,01/09/2010,P,,,,,,,0,0,0,0,0,0,0,1
103573,145000000000.0,6.125,207000,240,76,76,2.0,34.0,760.0,N,C,SF,1,P,ME,40,,806.0,N,None,01/10/2006,6.125,133218.89,38860,,,,,,,,,,0,01/01/2017,,,,,,,,,,,,0,,,,,0.0,0,0,,,760.0,272368.42,01/01/2017,P,,,,,,,0,0,0,0,0,0,0,1
104131,145000000000.0,6.25,280000,360,62,62,2.0,39.0,788.0,N,P,SF,1,P,WA,981,,770.0,N,None,01/10/2006,6.25,273439.13,42660,,,,,,,,,,0,01/12/2008,,,,,,,,,,,,0,,,,,0.0,0,0,,,770.0,451612.9,01/12/2008,P,,,,,,,0,0,0,0,0,0,0,1
105151,145000000000.0,6.375,267000,360,49,49,2.0,45.0,784.0,N,C,SF,1,P,VT,56,,798.0,N,None,01/10/2006,6.375,250544.29,0,,,,,,,,,,0,01/08/2011,,,,,,,,,,,,0,,,,,0.0,0,0,,,784.0,544897.96,01/08/2011,P,,,,,,,0,0,0,0,0,0,0,1
106744,145000000000.0,6.5,58000,360,59,59,2.0,33.0,812.0,Y,P,PU,1,P,IN,468,,809.0,N,None,01/08/2006,6.5,46191.59,23060,,,,,,,,,,0,01/03/2008,,,,,,,,,,,,0,,,,,0.0,0,0,,,809.0,98305.08,01/03/2008,P,,,,,,,0,0,0,0,0,0,0,1
106745,145000000000.0,6.5,148000,360,80,80,1.0,22.0,784.0,N,C,SF,1,P,IL,604,,,N,None,01/11/2006,6.5,134883.49,16980,,,,,,,,,,0,01/02/2013,,,,,,,,,,,,0,,,,,0.0,0,0,,,784.0,185000.0,01/02/2013,P,,,,,,,0,0,0,0,0,0,0,1
108510,145000000000.0,6.75,134000,360,75,75,1.0,4.0,680.0,N,P,CO,1,I,WI,531,,,N,None,01/10/2006,6.75,132320.39,33340,,,,,,,,,,0,01/04/2008,,,,,,,,,,,,0,,,,,0.0,0,0,,,680.0,178666.67,01/04/2008,P,,,,,,,0,0,0,0,0,0,0,1
108511,145000000000.0,6.75,194000,360,80,80,2.0,46.0,679.0,N,P,PU,1,P,FL,322,,593.0,N,None,01/08/2006,6.75,177342.06,27260,,,,,,,,,,0,01/05/2013,01/04/2013,,,,,,,,177342.06,,,0,,,,,0.0,0,0,,,593.0,242500.0,01/05/2013,P,,,,,,,0,0,0,0,1,1,0,1
109374,145000000000.0,6.875,104000,360,80,80,1.0,41.0,777.0,N,P,PU,1,S,ID,833,,,N,None,01/08/2006,6.875,100448.16,0,,,,,,,,,,0,01/07/2009,,,,,,,,,,,,0,,,,,0.0,0,0,,,777.0,130000.0,01/07/2009,P,,,,,,,0,0,0,0,0,0,0,1
110907,145000000000.0,7.25,96000,360,85,85,2.0,43.0,638.0,N,C,SF,1,P,IN,465,12.0,639.0,N,BPMI,01/08/2006,7.25,74704.22,21140,,,,,,,,,,0,01/08/2020,,,,,,,,,,,,0,,,,,0.0,0,0,,,638.0,112941.18,01/08/2020,P,,,,,,,0,0,0,0,0,0,0,1
115433,145000000000.0,6.625,120000,360,73,73,1.0,40.0,665.0,N,P,PU,1,P,AZ,853,,,N,None,01/08/2006,6.625,118118.49,38060,,,,,,,,,,0,01/03/2008,,,,,,,,,,,,0,,,,,0.0,0,0,,,665.0,164383.56,01/03/2008,P,,,,,,,0,0,0,0,0,0,0,1
115434,145000000000.0,6.0,185000,180,67,67,2.0,48.0,765.0,N,C,PU,1,P,ID,837,,765.0,N,None,01/09/2006,6.0,166213.99,14260,,,,,,,,,,0,01/02/2009,,,,,,,,,,,,0,,,,,0.0,0,0,,,765.0,276119.4,01/02/2009,P,,,,,,,0,0,0,0,0,0,0,1
115435,145000000000.0,6.375,315000,360,80,80,2.0,29.0,784.0,N,C,SF,1,P,UT,840,,784.0,N,None,01/09/2006,6.375,306748.34,41620,,,,,,,,,,0,01/02/2009,,,,,,,,,,,,0,,,,,0.0,0,0,,,784.0,393750.0,01/02/2009,P,,,,,,,0,0,0,0,0,0,0,1
115436,145000000000.0,6.25,128000,180,92,92,2.0,37.0,660.0,N,R,SF,1,P,KS,671,25.0,660.0,N,BPMI,01/10/2006,6.25,103838.09,48620,,,,,,,,,,0,01/01/2011,01/10/2007,,,,,,,,123532.26,,,0,,,,,0.0,0,0,,,660.0,139130.43,01/01/2011,P,,,,,,,0,0,0,0,1,1,0,1
115437,145000000000.0,6.625,230000,360,73,73,2.0,44.0,644.0,N,R,SF,1,P,MT,590,,663.0,N,None,01/10/2006,6.625,214257.05,0,,,,,,,,,,0,01/04/2012,01/03/2008,,,,,,,,226606.84,,,0,,,,,0.0,0,0,,,644.0,315068.49,01/04/2012,P,,,,,,,0,0,0,0,1,1,0,1
115438,145000000000.0,5.875,300000,360,80,80,2.0,42.0,782.0,Y,P,CO,1,P,VA,222,,796.0,N,None,01/10/2006,5.875,279872.24,47900,,,,,,,,,,0,01/11/2010,,,,,,,,,,,,0,,,,,0.0,0,0,,,782.0,375000.0,01/11/2010,P,,,,,,,0,0,0,0,0,0,0,1
115439,145000000000.0,6.25,110000,360,54,54,2.0,39.0,699.0,N,C,SF,1,P,FL,335,,772.0,N,None,01/10/2006,6.25,106848.4,45300,,,,,,,,,,0,01/05/2008,,,,,,,,,,,,0,,,,,0.0,0,0,,,699.0,203703.7,01/05/2008,P,,,,,,,0,0,0,0,0,0,0,1
115440,145000000000.0,6.625,413000,360,59,59,2.0,39.0,783.0,N,R,PU,1,P,CA,913,,780.0,N,None,01/08/2006,6.625,,37100,,,,,,,,,,0,01/12/2006,,,,,,,,,,,,0,,,,,0.0,0,0,,,780.0,700000.0,01/12/2006,P,,,,,,,0,0,0,0,0,0,0,1
115441,145000000000.0,6.375,166000,360,80,80,1.0,,802.0,N,P,CO,1,P,WI,535,,,N,None,01/11/2006,6.375,153595.53,31540,,,,,,,,,,0,01/10/2012,,,,,,,,,,,,0,,,,,0.0,0,0,,,802.0,207500.0,01/10/2012,P,,,,,,,0,0,0,0,0,0,0,1
115442,145000000000.0,6.375,242000,360,70,70,2.0,22.0,703.0,N,C,PU,1,P,OH,430,,680.0,N,None,01/11/2006,6.375,222281.28,18140,,,,,,,,,,0,01/12/2012,,,,,,,,,,,,0,,,,,0.0,0,0,,,680.0,345714.29,01/12/2012,P,,,,,,,0,0,0,0,0,0,0,1
115443,145000000000.0,5.5,94000,120,37,37,2.0,28.0,814.0,N,R,SF,1,P,WA,982,,806.0,N,None,01/01/2006,5.5,3998.93,13380,,,,,,,,,,0,01/10/2012,,,,,,,,,,,,0,,,,,0.0,0,0,,,806.0,254054.05,01/10/2012,P,,,,,,,0,0,0,0,0,0,0,1
115444,145000000000.0,6.625,127000,360,80,80,1.0,32.0,733.0,N,R,PU,1,P,OH,452,,,N,None,01/10/2006,6.625,123535.22,17140,,,,,,,,,,0,01/02/2009,,,,,,,,,,,,0,,,,,0.0,0,0,,,733.0,158750.0,01/02/2009,P,,,,,,,0,0,0,0,0,0,0,1
115445,145000000000.0,6.125,208000,240,80,86,1.0,46.0,760.0,Y,P,CO,1,P,NY,126,,,N,None,01/09/2006,6.125,133524.63,35620,,,,,,,,,,0,01/11/2012,,,,,,,,,,,,0,,,,,0.0,0,0,,,760.0,260000.0,01/11/2012,P,,,,,,,0,0,0,0,0,0,0,1
115446,145000000000.0,6.0,130000,180,80,80,1.0,32.0,672.0,N,C,SF,1,P,KY,402,,,N,None,01/09/2006,6.0,109551.22,31140,,,,,,,,,,0,01/02/2009,,,,,,,,,,,,0,,,,,0.0,0,0,,,672.0,162500.0,01/02/2009,P,,,,,,,0,0,0,0,0,0,0,1
115447,145000000000.0,7.25,170000,360,54,54,1.0,52.0,714.0,N,P,SF,1,P,MA,14,,,N,None,01/08/2006,7.25,168777.2,49340,,,,,,,,,,0,01/06/2007,,,,,,,,,,,,0,,,,,0.0,0,0,,,714.0,314814.81,01/06/2007,P,,,,,,,0,0,0,0,0,0,0,1
115448,145000000000.0,6.375,163000,240,76,76,1.0,34.0,589.0,N,R,SF,1,P,OH,454,,,N,None,01/12/2006,6.375,138267.45,19380,,,,,,,,,,0,01/03/2012,01/06/2008,,,,,,,,157177.91,,,0,,,,,0.0,0,0,,,589.0,214473.68,01/03/2012,P,,,,,,,0,0,0,0,1,1,0,1
115449,145000000000.0,6.25,252000,360,90,90,2.0,44.0,764.0,N,R,SF,1,P,AR,717,30.0,736.0,N,BPMI,01/10/2006,6.25,245945.25,0,,,,,,,,,,0,01/09/2008,,,,,,,,,,,,0,,,,,0.0,0,0,,,736.0,280000.0,01/09/2008,P,,,,,,,0,0,0,0,0,0,0,1
115450,145000000000.0,6.375,124000,360,78,78,2.0,17.0,801.0,N,R,SF,1,P,IN,471,,797.0,N,None,01/10/2006,6.375,117420.36,31140,,,,,,,,,,0,01/10/2009,,,,,,,,,,,,0,,,,,0.0,0,0,,,797.0,158974.36,01/10/2009,P,,,,,,,0,0,0,0,0,0,0,1
115451,145000000000.0,6.375,169000,360,92,92,2.0,32.0,754.0,N,R,SF,1,P,MS,393,25.0,757.0,N,BPMI,01/08/2006,6.375,163140.97,0,,,,,,,,,,0,01/06/2009,,,,,,,,,,,,0,,,,,0.0,0,0,,,754.0,183695.65,01/06/2009,P,,,,,,,0,0,0,0,0,0,0,1
115452,145000000000.0,6.25,156000,360,48,48,2.0,27.0,790.0,N,C,SF,1,P,MN,563,,781.0,N,None,01/11/2006,6.25,150955.04,41060,,,,,,,,,,0,01/05/2009,,,,,,,,,,,,0,,,,,0.0,0,0,,,781.0,325000.0,01/05/2009,P,,,,,,,0,0,0,0,0,0,0,1
115453,145000000000.0,6.25,259000,360,73,73,2.0,35.0,785.0,N,C,SF,1,P,CA,959,,718.0,N,None,01/10/2006,6.25,232840.87,49700,,,,,,,,,,0,01/07/2012,,,,,,,,,,,,0,,,,,0.0,0,0,,,718.0,354794.52,01/07/2012,P,,,,,,,0,0,0,0,0,0,0,1
115454,145000000000.0,6.5,55000,180,13,13,2.0,31.0,809.0,N,C,SF,1,P,MA,18,,820.0,N,None,01/09/2006,6.5,4742.03,14460,,,,,,,,,,0,01/10/2008,,,,,,,,,,,,0,,,,,0.0,0,0,,,809.0,423076.92,01/10/2008,P,,,,,,,0,0,0,0,0,0,0,1
115455,145000000000.0,6.375,87000,360,90,90,1.0,44.0,760.0,N,R,SF,1,P,NY,146,25.0,,N,BPMI,01/09/2006,6.375,78377.05,40380,,,,,,,,,,0,01/04/2012,,,,,,,,,,,,0,,,,,0.0,0,0,,,760.0,96666.67,01/04/2012,P,,,,,,,0,0,0,0,0,0,0,1
115456,145000000000.0,6.5,134000,360,73,73,1.0,35.0,718.0,N,C,SF,1,P,MD,216,,,N,None,01/09/2006,6.5,130440.56,0,,,,,,,,,,0,01/02/2009,01/10/2008,,,,,,,,131041.38,,,0,,,,,0.0,0,0,,,718.0,183561.64,01/02/2009,P,,,,,,,0,0,0,0,1,1,0,1
115457,145000000000.0,6.375,138000,360,80,80,1.0,42.0,736.0,N,P,SF,1,P,GA,301,,,N,None,01/09/2006,6.375,129963.52,12060,,,,,,,,,,0,01/02/2011,,,,,,,,,,,,0,,,,,0.0,0,0,,,736.0,172500.0,01/02/2011,P,,,,,,,0,0,0,0,0,0,0,1
115458,145000000000.0,5.99,137000,360,40,40,2.0,32.0,790.0,N,R,SF,1,P,MN,553,,790.0,N,None,01/10/2006,5.99,134728.02,33460,,,,,,,,,,0,01/03/2008,,,,,,,,,,,,0,,,,,0.0,0,0,,,790.0,342500.0,01/03/2008,P,,,,,,,0,0,0,0,0,0,0,1
115459,145000000000.0,5.875,137000,360,90,90,2.0,53.0,723.0,N,P,SF,1,P,LA,712,25.0,671.0,N,BPMI,01/12/2006,5.875,126143.52,33740,,,,,,,,,,0,01/07/2012,,,,,,,,,,,,0,,,,,0.0,0,0,,,671.0,152222.22,01/07/2012,P,,,,,,,0,0,0,0,0,0,0,1
115460,145000000000.0,6.125,78000,180,65,65,2.0,62.0,677.0,N,R,SF,1,P,WI,538,,741.0,N,None,01/11/2006,6.125,66473.91,0,,,,,,,,,,0,01/03/2010,,,,,,,,,,,,0,,,,,0.0,0,0,,,677.0,120000.0,01/03/2010,P,,,,,,,0,0,0,0,0,0,0,1
115461,145000000000.0,6.25,193000,360,68,68,2.0,45.0,702.0,N,C,SF,1,P,GA,300,,702.0,N,None,01/10/2006,6.25,182036.87,12060,,,,,,,,,,0,01/01/2010,,,,,,,,,,,,0,,,,,0.0,0,0,,,702.0,283823.53,01/01/2010,P,,,,,,,0,0,0,0,0,0,0,1
115462,145000000000.0,6.25,309000,360,68,68,2.0,34.0,780.0,N,R,PU,1,P,IL,605,,783.0,N,None,01/11/2006,6.25,304438.06,16980,,,,,,,,,,0,01/04/2008,,,,,,,,,,,,0,,,,,0.0,0,0,,,780.0,454411.76,01/04/2008,P,,,,,,,0,0,0,0,0,0,0,1
115463,145000000000.0,6.25,140000,360,53,53,2.0,32.0,742.0,N,C,SF,1,P,CO,805,,753.0,N,None,01/10/2006,6.25,103198.06,14500,,,,,,,,,,0,01/04/2020,,,,,,,,,,,,0,,,,,0.0,0,0,,,742.0,264150.94,01/04/2020,P,,,,,,,0,0,0,0,0,0,0,1
115464,145000000000.0,6.125,79000,180,80,80,2.0,62.0,734.0,N,R,SF,1,P,AL,355,,793.0,N,None,01/09/2006,6.125,54054.27,0,,,,,,,,,,0,01/03/2013,,,,,,,,,,,,0,,,,,0.0,0,0,,,734.0,98750.0,01/03/2013,P,,,,,,,0,0,0,0,0,0,0,1
115465,145000000000.0,5.875,201000,360,69,69,2.0,22.0,793.0,N,R,SF,1,P,WI,532,,776.0,N,None,01/11/2006,5.875,197510.2,33340,,,,,,,,,,0,01/03/2008,01/12/2007,,,,,,,,198178.85,,,0,,,,,0.0,0,0,,,776.0,291304.35,01/03/2008,P,,,,,,,0,0,0,0,1,1,0,1
115466,145000000000.0,5.625,249000,180,69,69,2.0,29.0,688.0,N,C,SF,1,P,NH,37,,708.0,N,None,01/09/2006,5.625,195566.78,0,,,,,,,,,,0,01/04/2011,,,,,,,,,,,,0,,,,,0.0,0,0,,,688.0,360869.57,01/04/2011,P,,,,,,,0,0,0,0,0,0,0,1
115467,145000000000.0,6.5,215000,360,89,89,2.0,40.0,802.0,N,P,PU,1,P,MO,640,17.0,791.0,N,BPMI,01/08/2006,6.5,204876.24,28140,,,,,,,,,,0,01/07/2010,,,,,,,,,,,,0,,,,,0.0,0,0,,,791.0,241573.03,01/07/2010,P,,,,,,,0,0,0,0,0,0,0,1
115468,145000000000.0,5.875,350000,360,78,78,2.0,32.0,808.0,N,C,PU,1,P,VA,227,,802.0,N,None,01/11/2006,5.875,323741.12,0,,,,,,,,,,0,01/04/2012,,,,,,,,,,,,0,,,,,0.0,0,0,,,802.0,448717.95,01/04/2012,P,,,,,,,0,0,0,0,0,0,0,1
115469,145000000000.0,5.875,115000,180,75,75,1.0,13.0,777.0,N,P,SF,1,S,NC,271,,,N,None,01/11/2006,5.875,8766.84,49180,,,,,,,,,,0,01/02/2021,,,,,,,,,,,,0,,,,,0.0,0,0,,,777.0,153333.33,01/02/2021,P,,,,,,,0,0,0,0,0,0,0,1
115470,145000000000.0,6.25,240000,360,80,90,1.0,35.0,791.0,N,P,SF,1,P,GA,305,,,N,None,01/07/2006,6.25,231552.89,0,,,,,,,,,,0,01/07/2009,,,,,,,,,,,,0,,,,,0.0,0,0,,,791.0,300000.0,01/07/2009,P,,,,,,,0,0,0,0,0,0,0,1
115471,145000000000.0,6.375,232000,360,80,80,2.0,28.0,772.0,N,P,PU,1,P,MO,633,,813.0,N,None,01/09/2006,6.375,220562.26,41180,,,,,,,,,,0,01/10/2010,,,,,,,,,,,,0,,,,,0.0,0,0,,,772.0,290000.0,01/10/2010,P,,,,,,,0,0,0,0,0,0,0,1
115472,145000000000.0,6.25,220000,180,95,95,1.0,25.0,663.0,N,P,PU,1,P,TX,773,30.0,,N,BPMI,01/08/2006,6.25,191402.18,26420,,,,,,,,,,0,01/07/2009,,,,,,,,,,,,0,,,,,0.0,0,0,,,663.0,231578.95,01/07/2009,P,,,,,,,0,0,0,0,0,0,0,1
115473,145000000000.0,6.375,164000,360,78,90,2.0,62.0,708.0,N,C,SF,1,P,ND,586,,688.0,N,None,01/11/2006,6.375,142719.07,0,,,,,,,,,,0,01/10/2015,,,,,,,,,,,,0,,,,,0.0,0,0,,,688.0,210256.41,01/10/2015,P,,,,,,,0,0,0,0,0,0,0,1
115474,145000000000.0,6.375,247000,360,80,95,1.0,44.0,781.0,N,P,PU,1,P,TX,762,,,N,None,01/08/2006,6.375,228642.69,19100,,,,,,,,,,0,01/06/2012,,,,,,,,,,,,0,,,,,0.0,0,0,,,781.0,308750.0,01/06/2012,P,,,,,,,0,0,0,0,0,0,0,1
115475,145000000000.0,6.75,137000,360,75,75,1.0,31.0,776.0,N,C,SF,1,P,MI,481,,,N,None,01/09/2006,6.75,135159.28,19820,,,,,,,,,,0,01/02/2008,,,,,,,,,,,,0,,,,,0.0,0,0,,,776.0,182666.67,01/02/2008,P,,,,,,,0,0,0,0,0,0,0,1
115476,145000000000.0,6.5,163000,360,70,70,2.0,17.0,769.0,N,P,SF,1,P,WA,988,,795.0,N,None,01/09/2006,6.5,133588.04,0,,,,,,,,,,0,01/08/2010,,,,,,,,,,,,0,,,,,0.0,0,0,,,769.0,232857.14,01/08/2010,P,,,,,,,0,0,0,0,0,0,0,1
115477,145000000000.0,5.75,417000,180,58,58,1.0,59.0,764.0,N,C,SF,1,P,MN,550,,,N,None,01/11/2006,5.75,376083.05,33460,,,,,,,,,,0,01/03/2009,01/07/2007,,,,,,,,408105.95,,,0,,,,,0.0,0,0,,,764.0,718965.52,01/03/2009,P,,,,,,,0,0,0,0,1,1,0,1
115478,145000000000.0,6.375,136000,360,80,80,1.0,30.0,760.0,N,C,SF,1,P,MO,631,,,N,None,01/10/2006,6.375,131120.68,41180,,,,,,,,,,0,01/11/2009,,,,,,,,,,,,0,,,,,0.0,0,0,,,760.0,170000.0,01/11/2009,P,,,,,,,0,0,0,0,0,0,0,1
115479,145000000000.0,6.0,128000,360,54,54,1.0,31.0,819.0,N,R,CO,1,P,FL,328,,,N,None,01/11/2006,6.0,117296.05,36740,,,,,,,,,,0,01/09/2012,,,,,,,,,,,,0,,,,,0.0,0,0,,,819.0,237037.04,01/09/2012,P,,,,,,,0,0,0,0,0,0,0,1
115480,145000000000.0,6.125,236000,360,80,80,1.0,59.0,813.0,N,P,SF,1,P,NC,273,,,N,None,01/10/2006,6.125,230928.89,24660,,,,,,,,,,0,01/09/2008,,,,,,,,,,,,0,,,,,0.0,0,0,,,813.0,295000.0,01/09/2008,P,,,,,,,0,0,0,0,0,0,0,1
115481,145000000000.0,6.625,324000,360,80,83,2.0,50.0,727.0,N,P,SF,1,P,OH,458,,804.0,N,None,01/09/2006,6.625,312301.11,30620,,,,,,,,,,0,01/12/2009,,,,,,,,,,,,0,,,,,0.0,0,0,,,727.0,405000.0,01/12/2009,P,,,,,,,0,0,0,0,0,0,0,1
115482,145000000000.0,6.375,160000,360,80,80,1.0,,759.0,N,C,SF,1,P,MO,633,,,N,None,01/11/2006,6.375,156268.25,41180,,,,,,,,,,0,01/12/2008,,,,,,,,,,,,0,,,,,0.0,0,0,,,759.0,200000.0,01/12/2008,P,,,,,,,0,0,0,0,0,0,0,1
115483,145000000000.0,6.875,280000,360,46,46,1.0,49.0,662.0,N,C,SF,3,P,NY,112,,,N,None,01/12/2006,6.875,274495.8,35620,,,,,,,,,,0,01/12/2008,,,,,,,,,,,,0,,,,,0.0,0,0,,,662.0,608695.65,01/12/2008,P,,,,,,,0,0,0,0,0,0,0,1
115484,145000000000.0,6.5,200000,360,42,42,2.0,60.0,801.0,N,P,SF,1,S,NC,278,,808.0,N,None,01/09/2006,6.5,194338.88,0,,,,,,,,,,0,01/04/2009,,,,,,,,,,,,0,,,,,0.0,0,0,,,801.0,476190.48,01/04/2009,P,,,,,,,0,0,0,0,0,0,0,1
115485,145000000000.0,6.625,51000,180,68,68,1.0,54.0,647.0,N,C,SF,1,P,TX,797,,,N,None,01/10/2006,6.625,9683.72,0,,,,,,,,,,0,01/12/2017,01/10/2016,,,,,,,,14979.89,,,0,,,,,0.0,0,0,,,647.0,75000.0,01/12/2017,P,,,,,,,0,0,0,0,1,1,0,1
115486,145000000000.0,6.375,222000,360,80,83,2.0,20.0,756.0,N,R,SF,1,P,AL,358,,781.0,N,None,01/07/2006,6.375,215442.61,26620,,,,,,,,,,0,01/01/2009,,,,,,,,,,,,0,,,,,0.0,0,0,,,756.0,277500.0,01/01/2009,P,,,,,,,0,0,0,0,0,0,0,1
115487,145000000000.0,6.25,140000,360,80,92,2.0,18.0,706.0,N,P,SF,1,P,UT,841,,740.0,N,None,01/10/2006,6.25,126495.25,41620,,,,,,,,,,0,01/06/2013,,,,,,,,,,,,0,,,,,0.0,0,0,,,706.0,175000.0,01/06/2013,P,,,,,,,0,0,0,0,0,0,0,1
115488,145000000000.0,6.375,261000,360,80,94,1.0,41.0,665.0,Y,P,SF,1,P,UT,841,30.0,,N,BPMI,01/07/2006,6.375,258259.26,41620,,,,,,,,,,0,01/09/2007,,,,,,,,,,,,0,,,,,0.0,0,0,,,665.0,326250.0,01/09/2007,P,,,,,,,0,0,0,0,0,0,0,1
115489,145000000000.0,6.5,227000,360,69,77,2.0,49.0,703.0,N,C,SF,1,P,WI,546,,732.0,N,None,01/09/2006,6.5,221032.32,29100,,,,,,,,,,0,01/01/2009,,,,,,,,,,,,0,,,,,0.0,0,0,,,703.0,328985.51,01/01/2009,P,,,,,,,0,0,0,0,0,0,0,1
115490,145000000000.0,6.5,175000,360,80,90,2.0,54.0,687.0,N,P,SF,2,P,WI,532,,706.0,N,None,01/09/2006,6.5,167128.18,33340,,,,,,,,,,0,01/05/2010,,,,,,,,,,,,0,,,,,0.0,0,0,,,687.0,218750.0,01/05/2010,P,,,,,,,0,0,0,0,0,0,0,1
115491,145000000000.0,6.25,312000,360,80,80,2.0,23.0,814.0,Y,P,SF,1,P,GA,303,,798.0,N,None,01/10/2006,6.25,303449.33,12060,,,,,,,,,,0,01/01/2009,,,,,,,,,,,,0,,,,,0.0,0,0,,,798.0,390000.0,01/01/2009,P,,,,,,,0,0,0,0,0,0,0,1
115492,145000000000.0,5.75,358000,360,64,64,2.0,40.0,706.0,N,C,SF,1,P,CA,917,,764.0,N,None,01/10/2006,5.75,337186.21,31100,,,,,,,,,,0,01/11/2010,,,,,,,,,,,,0,,,,,0.0,0,0,,,706.0,559375.0,01/11/2010,P,,,,,,,0,0,0,0,0,0,0,1
115493,145000000000.0,6.005,352000,360,81,81,1.0,43.0,713.0,N,R,SF,2,P,IL,606,12.0,,N,LPMI,01/09/2006,6.005,340110.5,16980,,,,,,,,,,0,01/03/2008,,,,,,,,,,,,0,,,,,0.0,0,0,,,713.0,434567.9,01/03/2008,P,,,,,,,0,0,0,0,0,0,0,1
115494,145000000000.0,6.125,417000,360,54,54,2.0,34.0,676.0,N,C,SF,1,P,CA,917,,774.0,N,None,01/11/2006,6.125,397566.67,40140,,,,,,,,,,0,01/08/2010,,,,,,,,,,,,0,,,,,0.0,0,0,,,676.0,772222.22,01/08/2010,P,,,,,,,0,0,0,0,0,0,0,1
115495,145000000000.0,5.875,195000,360,40,51,2.0,46.0,804.0,N,C,CO,1,P,MD,218,,817.0,N,None,01/10/2006,5.875,189276.08,0,,,,,,,,,,0,01/03/2009,,,,,,,,,,,,0,,,,,0.0,0,0,,,804.0,487500.0,01/03/2009,P,,,,,,,0,0,0,0,0,0,0,1
115496,145000000000.0,6.125,183000,360,80,80,1.0,35.0,747.0,N,C,SF,1,P,CA,932,,,N,None,01/11/2006,6.125,169680.83,47300,,,,,,,,,,0,01/04/2012,,,,,,,,,,,,0,,,,,0.0,0,0,,,747.0,228750.0,01/04/2012,P,,,,,,,0,0,0,0,0,0,0,1
115497,145000000000.0,6.875,58000,180,85,85,2.0,33.0,753.0,N,C,SF,1,I,IN,472,6.0,758.0,N,BPMI,01/11/2006,6.875,44867.46,18020,,,,,,,,,,0,01/12/2011,,,,,,,,,,,,0,,,,,0.0,0,0,,,753.0,68235.29,01/12/2011,P,,,,,,,0,0,0,0,0,0,0,1
115498,145000000000.0,6.0,182000,360,80,80,1.0,24.0,664.0,Y,P,SF,1,P,TX,752,,,N,None,01/09/2006,6.0,146523.27,19100,,,,,,,,,,0,01/05/2014,,,,,,,,,,,,0,,,,,0.0,0,0,,,664.0,227500.0,01/05/2014,P,,,,,,,0,0,0,0,0,0,0,1
115499,145000000000.0,6.375,210000,360,80,80,2.0,44.0,695.0,N,P,SF,1,P,VT,54,,695.0,N,None,01/08/2006,6.375,208817.36,0,,,,,,,,,,0,01/05/2007,01/04/2007,,,,,,,,208817.36,,,0,,,,,0.0,0,0,,,695.0,262500.0,01/05/2007,P,,,,,,,0,0,0,0,1,1,0,1
115500,145000000000.0,6.75,286000,360,80,80,2.0,17.0,812.0,N,P,CO,1,P,MI,493,,802.0,N,None,01/10/2006,6.75,281044.69,24340,,,,,,,,,,0,01/04/2008,,,,,,,,,,,,0,,,,,0.0,0,0,,,802.0,357500.0,01/04/2008,P,,,,,,,0,0,0,0,0,0,0,1
115501,145000000000.0,6.5,262000,360,59,59,2.0,40.0,693.0,N,C,SF,1,P,NJ,74,,701.0,N,None,01/12/2006,6.5,256215.14,35620,,,,,,,,,,0,01/02/2009,01/12/2008,,,,,,,,256481.88,,,0,,,,,0.0,0,0,,,693.0,444067.8,01/02/2009,P,,,,,,,0,0,0,0,1,1,0,1
115502,145000000000.0,6.375,78000,360,80,80,1.0,28.0,752.0,N,P,SF,1,I,TX,787,,,N,None,01/09/2006,6.375,62149.89,12420,,,,,,,,,,0,01/09/2017,,,,,,,,,,,,0,,,,,0.0,0,0,,,752.0,97500.0,01/09/2017,P,,,,,,,0,0,0,0,0,0,0,1
115503,145000000000.0,6.5,140000,360,80,80,2.0,42.0,756.0,N,C,SF,1,P,WI,535,,755.0,N,None,01/11/2006,6.5,121940.32,31540,,,,,,,,,,0,01/11/2015,,,,,,,,,,,,0,,,,,0.0,0,0,,,755.0,175000.0,01/11/2015,P,,,,,,,0,0,0,0,0,0,0,1
115504,145000000000.0,6.625,100000,360,18,18,1.0,48.0,702.0,N,C,SF,1,P,CA,910,,,N,None,01/08/2006,6.625,72270.92,31080,,,,,,,,,,0,01/09/2021,,,,,,,,,,,,0,,,,,0.0,0,0,,,702.0,555555.56,01/09/2021,C,,,,,,,0,0,0,0,0,0,0,1
115505,145000000000.0,6.125,208000,360,38,38,2.0,60.0,695.0,N,R,SF,1,P,NJ,79,,765.0,N,None,01/09/2006,6.125,200372.13,35620,,,,,,,,,,0,01/08/2009,,,,,,,,,,,,0,,,,,0.0,0,0,,,695.0,547368.42,01/08/2009,P,,,,,,,0,0,0,0,0,0,0,1
115506,145000000000.0,6.375,397000,360,80,80,1.0,42.0,729.0,N,R,SF,1,P,VA,223,,,N,None,01/09/2006,6.375,364992.72,47900,,,,,,,,,,0,01/07/2012,,,,,,,,,,,,0,,,,,0.0,0,0,,,729.0,496250.0,01/07/2012,P,,,,,,,0,0,0,0,0,0,0,1
115507,145000000000.0,6.25,320000,360,69,69,1.0,19.0,774.0,N,R,SF,1,P,MA,24,,,N,None,01/10/2006,6.25,308617.05,14460,,,,,,,,,,0,01/10/2008,,,,,,,,,,,,0,,,,,0.0,0,0,,,774.0,463768.12,01/10/2008,P,,,,,,,0,0,0,0,0,0,0,1
115508,145000000000.0,6.5,222000,360,47,47,1.0,32.0,765.0,N,R,SF,1,P,CA,956,,,N,None,01/09/2006,6.5,205111.64,40900,,,,,,,,,,0,01/10/2012,,,,,,,,,,,,0,,,,,0.0,0,0,,,765.0,472340.43,01/10/2012,P,,,,,,,0,0,0,0,0,0,0,1
115509,145000000000.0,7.625,78000,360,90,90,2.0,62.0,774.0,N,C,SF,1,P,IL,620,25.0,682.0,N,BPMI,01/09/2006,7.625,49762.11,41180,,,,,,,,,,0,01/12/2017,,,,,,,,,,,,0,,,,,0.0,0,0,,,682.0,86666.67,01/12/2017,P,,,,,,,0,0,0,0,0,0,0,1
115510,145000000000.0,6.125,170000,360,63,90,2.0,61.0,744.0,N,P,SF,1,P,OR,970,,816.0,N,None,01/11/2006,6.125,166065.62,38900,,,,,,,,,,0,01/09/2008,,,,,,,,,,,,0,,,,,0.0,0,0,,,744.0,269841.27,01/09/2008,P,,,,,,,0,0,0,0,0,0,0,1
115511,145000000000.0,6.25,340000,360,80,83,1.0,25.0,626.0,N,C,PU,1,P,NC,276,,,N,None,01/10/2006,6.25,307382.96,39580,,,,,,,,,,0,01/01/2012,,,,,,,,,,,,0,,,,,0.0,0,0,,,626.0,425000.0,01/01/2012,P,,,,,,,0,0,0,0,0,0,0,1
115512,145000000000.0,5.875,392000,180,80,90,1.0,21.0,661.0,Y,P,PU,1,P,TX,770,,,N,None,01/10/2006,5.875,360436.26,26420,,,,,,,,,,0,01/11/2008,01/10/2008,,,,,,,,360436.26,,,0,,,,,0.0,0,0,,,661.0,490000.0,01/11/2008,P,,,,,,,0,0,0,0,1,1,0,1
115513,145000000000.0,6.5,253000,360,56,56,2.0,32.0,735.0,N,C,SF,1,P,CT,67,,751.0,N,None,01/09/2006,6.5,239045.19,0,,,,,,,,,,0,01/03/2011,,,,,,,,,,,,0,,,,,0.0,0,0,,,735.0,451785.71,01/03/2011,P,,,,,,,0,0,0,0,0,0,0,1
115514,145000000000.0,6.625,309000,360,80,95,2.0,40.0,716.0,N,P,PU,1,P,DE,199,,716.0,N,None,01/09/2006,6.625,297817.84,0,,,,,,,,,,0,01/10/2009,01/12/2008,,,,,,,,301351.68,,,0,,,,,0.0,0,0,,,716.0,386250.0,01/10/2009,P,,,,,,,0,0,0,0,1,1,0,1
115515,145000000000.0,6.875,413000,360,70,89,2.0,36.0,694.0,N,R,SF,1,P,GA,300,,696.0,N,None,01/10/2006,6.875,,12060,,,,,,,,,,0,01/04/2007,,,,,,,,,,,,0,,,,,0.0,0,0,,,694.0,590000.0,01/04/2007,P,,,,,,,0,0,0,0,0,0,0,1
115516,145000000000.0,6.0,138000,240,80,80,1.0,34.0,707.0,N,C,SF,1,P,CT,62,,,N,None,01/09/2006,6.0,113547.15,49340,,,,,,,,,,0,01/05/2012,,,,,,,,,,,,0,,,,,0.0,0,0,,,707.0,172500.0,01/05/2012,P,,,,,,,0,0,0,0,0,0,0,1
115517,145000000000.0,6.375,248000,240,69,69,2.0,32.0,657.0,N,C,SF,1,P,WA,983,,702.0,N,None,01/08/2006,6.375,102692.36,42660,,,,,,,,,,0,01/04/2019,,,,,,,,,,,,0,,,,,0.0,0,0,,,657.0,359420.29,01/04/2019,P,,,,,,,0,0,0,0,0,0,0,1
115518,145000000000.0,6.5,279000,360,48,48,1.0,34.0,641.0,N,C,SF,1,P,CA,928,,,N,None,01/08/2006,6.5,253400.3,31100,,,,,,,,,,0,01/07/2013,,,,,,,,,,,,0,,,,,0.0,0,0,,,641.0,581250.0,01/07/2013,P,,,,,,,0,0,0,0,0,0,0,1
115519,145000000000.0,6.375,85000,360,26,26,1.0,37.0,803.0,N,P,CO,1,P,IL,606,,,N,None,01/09/2006,6.375,73556.25,16980,,,,,,,,,,0,01/11/2015,,,,,,,,,,,,0,,,,,0.0,0,0,,,803.0,326923.08,01/11/2015,P,,,,,,,0,0,0,0,0,0,0,1
115520,145000000000.0,6.625,67000,180,43,43,1.0,30.0,635.0,N,C,PU,1,I,TX,775,,,N,None,01/10/2006,6.625,57533.42,26420,,,,,,,,,,0,01/03/2010,,,,,,,,,,,,0,,,,,0.0,0,0,,,635.0,155813.95,01/03/2010,P,,,,,,,0,0,0,0,0,0,0,1
115521,145000000000.0,6.375,300000,360,66,66,2.0,49.0,811.0,N,C,SF,1,P,CA,937,,806.0,N,None,01/09/2006,6.375,287746.62,23420,,,,,,,,,,0,01/03/2009,,,,,,,,,,,,0,,,,,0.0,0,0,,,806.0,454545.45,01/03/2009,P,,,,,,,0,0,0,0,0,0,0,1
115522,145000000000.0,6.125,344000,360,80,80,2.0,43.0,652.0,Y,P,SF,1,P,CA,921,,668.0,N,None,01/09/2006,6.125,317839.8,41740,,,,,,,,,,0,01/04/2012,,,,,,,,,,,,0,,,,,0.0,0,0,,,652.0,430000.0,01/04/2012,P,,,,,,,0,0,0,0,0,0,0,1
115523,145000000000.0,6.625,97000,360,80,80,1.0,55.0,639.0,N,R,CO,1,P,WI,537,,,N,None,01/08/2006,6.625,94515.64,31540,,,,,,,,,,0,01/01/2009,,,,,,,,,,,,0,,,,,0.0,0,0,,,639.0,121250.0,01/01/2009,P,,,,,,,0,0,0,0,0,0,0,1
115524,145000000000.0,7.25,55000,360,34,34,1.0,60.0,653.0,N,C,SF,1,P,ME,40,,,N,None,01/11/2006,7.25,54516.16,38860,,,,,,,,,,0,01/08/2007,,,,,,,,,,,,0,,,,,0.0,0,0,,,653.0,161764.71,01/08/2007,P,,,,,,,0,0,0,0,0,0,0,1
115525,145000000000.0,6.125,158000,360,80,80,2.0,45.0,658.0,N,P,PU,1,P,GA,313,,678.0,N,None,01/10/2006,6.125,147559.61,42340,,,,,,,,,,0,01/12/2011,,,,,,,,,,,,0,,,,,0.0,0,0,,,658.0,197500.0,01/12/2011,P,,,,,,,0,0,0,0,0,0,0,1
115526,145000000000.0,7.375,60000,360,45,45,2.0,,777.0,,P,SF,2,I,ID,836,,770.0,N,None,01/08/2006,7.375,,14260,,,,,,,,,,0,01/03/2007,,,,,,,,,,,,0,,,,,0.0,0,0,,,770.0,133333.33,01/03/2007,P,,,,,,,0,0,0,0,0,0,0,1
115527,145000000000.0,6.75,187000,360,60,60,1.0,31.0,667.0,N,C,CO,1,P,CA,919,,,N,None,01/06/2006,6.75,184136.23,41740,,,,,,,,,,0,01/01/2008,,,,,,,,,,,,0,,,,,0.0,0,0,,,667.0,311666.67,01/01/2008,P,,,,,,,0,0,0,0,0,0,0,1
115528,145000000000.0,6.625,115000,360,75,75,2.0,25.0,678.0,N,C,SF,1,P,WY,826,,678.0,N,None,01/09/2006,6.625,106979.52,16220,,,,,,,,,,0,01/03/2010,,,,,,,,,,,,0,,,,,0.0,0,0,,,678.0,153333.33,01/03/2010,P,,,,,,,0,0,0,0,0,0,0,1
115529,145000000000.0,6.875,375000,360,52,52,1.0,25.0,787.0,N,P,SF,1,P,PA,189,,,N,None,01/08/2006,6.875,,37980,,,,,,,,,,0,01/01/2007,,,,,,,,,,,,0,,,,,0.0,0,0,,,787.0,721153.85,01/01/2007,P,,,,,,,0,0,0,0,0,0,0,1
115530,145000000000.0,6.125,213000,180,64,64,2.0,40.0,643.0,N,C,PU,1,P,TX,750,,634.0,N,None,01/12/2006,6.125,195518.47,19100,,,,,,,,,,0,01/01/2009,,,,,,,,,,,,0,,,,,0.0,0,0,,,634.0,332812.5,01/01/2009,P,,,,,,,0,0,0,0,0,0,0,1
115531,145000000000.0,6.25,143000,360,80,90,2.0,27.0,734.0,N,P,PU,1,P,TX,775,,784.0,N,None,01/10/2006,6.25,128955.64,26420,,,,,,,,,,0,01/07/2012,,,,,,,,,,,,0,,,,,0.0,0,0,,,734.0,178750.0,01/07/2012,P,,,,,,,0,0,0,0,0,0,0,1
115532,145000000000.0,6.625,131000,360,93,93,1.0,53.0,694.0,Y,P,PU,1,P,TX,762,35.0,,N,BPMI,01/09/2006,6.625,123316.85,19100,,,,,,,,,,0,01/05/2011,,,,,,,,,,,,0,,,,,0.0,0,0,,,694.0,140860.22,01/05/2011,P,,,,,,,0,0,0,0,0,0,0,1
115533,145000000000.0,6.75,96000,360,80,80,2.0,32.0,792.0,N,P,PU,1,S,NC,281,,806.0,N,None,01/08/2006,6.75,93787.82,0,,,,,,,,,,0,01/10/2008,,,,,,,,,,,,0,,,,,0.0,0,0,,,792.0,120000.0,01/10/2008,P,,,,,,,0,0,0,0,0,0,0,1
196382,145000000000.0,6.75,72000,360,70,70,1.0,27.0,671.0,N,C,SF,1,P,MO,631,,,N,None,01/12/2006,6.75,68576.02,41180,10575.41,1186.24,3200.0,4686.74,7381.47,13799.34,0.0,0.0,0.0,0,01/06/2014,01/03/2007,01/09/2008,01/06/2009,01/07/2009,01/07/2011,01/07/2011,68576.02,72000.0,0.0,70813.19,70252.92,0,,,,,0.0,0,0,30.0,70252.92,671.0,102857.14,01/08/2014,F,1.0,15726.77,0.0,97533.31,1.422266,,1,1,1,1,0,4,2,0
197043,145000000000.0,6.25,112000,360,95,95,2.0,32.0,777.0,N,P,SF,1,S,ID,834,30.0,781.0,N,BPMI,01/11/2006,6.25,88721.89,26820,,,,,,,,,,0,01/01/2019,01/08/2010,01/10/2010,01/11/2010,01/12/2010,01/02/2011,01/02/2011,106855.49,112000.0,106988.48,106855.49,106855.49,0,,,,,0.0,0,0,48.0,106855.49,777.0,117894.74,01/01/2019,P,,,,,,,1,1,1,1,1,5,2,0
197261,145000000000.0,6.875,120000,360,62,62,2.0,39.0,612.0,N,C,SF,1,P,FL,334,,627.0,N,None,01/10/2006,4.625,104075.2,33100,,,,,,,,,,0,01/09/2021,01/03/2008,01/09/2008,01/02/2010,01/03/2010,01/05/2010,01/05/2010,115982.21,120000.0,118425.68,117870.2,115982.21,1,01/06/2010,119674.97,45142.56,0.0,0.0,1,1,40.0,115982.21,612.0,193548.39,01/09/2021,C,,,0.0,,,45142.56,1,1,1,1,1,5,2,0
197701,145000000000.0,6.375,150000,360,72,72,2.0,58.0,684.0,N,C,SF,1,P,MN,550,,700.0,N,None,01/11/2006,6.375,135123.3,0,6896.45,16690.44,2850.0,77.38,2258.0,131683.33,0.0,0.0,0.0,0,01/08/2014,01/02/2014,01/03/2014,01/04/2014,01/05/2014,01/07/2014,01/07/2014,135123.3,150000.0,135123.3,135123.3,135123.3,0,,,,,0.0,0,0,89.0,135123.3,684.0,208333.33,01/07/2015,F,1.0,12211.77,0.0,44424.01,0.328766,,1,1,1,1,1,5,2,0
197824,145000000000.0,5.99,151000,360,80,95,1.0,53.0,756.0,N,P,CO,1,P,IL,605,,,N,None,01/10/2006,5.99,140542.82,16980,7035.19,9994.85,0.0,294.4,17981.04,72159.4,0.0,0.0,0.0,0,01/12/2014,01/10/2011,01/11/2011,01/12/2011,01/01/2012,01/03/2012,01/03/2012,140542.82,151000.0,140542.82,140542.82,140542.82,0,,,,,0.0,0,0,62.0,140542.82,756.0,188750.0,01/10/2015,F,1.0,32367.01,0.0,136055.91,0.968074,,1,1,1,1,1,5,2,0
200930,145000000000.0,7.375,41000,360,90,90,2.0,59.0,805.0,N,P,SF,1,P,MI,485,25.0,804.0,N,BPMI,01/09/2006,7.375,35114.65,22420,1280.74,4890.27,3500.0,52.71,0.0,285.29,0.0,0.0,50.0,0,01/07/2015,01/05/2015,01/06/2015,,,,01/07/2015,,35114.65,35114.65,35114.65,,0,,,,,0.0,0,0,,,804.0,45555.56,01/01/2016,F,1.0,1850.1,0.0,46353.18,1.320052,,0,0,0,1,1,2,0,1
201962,145000000000.0,6.75,148000,360,62,62,1.0,,708.0,N,C,SF,1,P,MO,630,,,N,None,01/09/2006,6.75,130829.23,41180,,,,,,,,,,0,01/03/2015,01/02/2007,01/01/2013,01/12/2013,,,,,,0.0,136518.6,134549.13,0,,,,,0.0,0,0,,,708.0,238709.68,01/03/2015,P,,,,,,,0,0,1,1,0,2,0,1
202154,145000000000.0,6.375,158000,360,46,46,1.0,51.0,619.0,N,C,SF,1,P,FL,327,,,N,None,01/10/2006,6.375,145744.03,36100,,,,,,,,,,0,01/06/2012,01/10/2007,01/03/2009,,,,,,,156005.8,153444.16,,0,,,,,0.0,0,0,,,619.0,343478.26,01/06/2012,P,,,,,,,0,0,0,1,1,2,0,1
202304,145000000000.0,6.625,165000,360,42,42,1.0,49.0,585.0,N,C,SF,1,I,OR,970,,,N,None,01/11/2006,6.625,162958.0,38900,,,,,,,,,,0,01/03/2008,01/06/2007,01/08/2007,01/09/2007,,,,,,164263.88,164114.24,164114.24,0,,,,,0.0,0,0,,,585.0,392857.14,01/03/2008,P,,,,,,,0,0,1,1,1,3,0,1
202640,145000000000.0,6.875,209000,360,80,93,2.0,40.0,678.0,Y,P,PU,1,P,WV,254,,701.0,N,None,01/08/2006,6.875,187164.97,47900,,,,,,,,,,0,01/09/2014,01/11/2008,01/07/2009,,,,,,,204734.73,203289.22,,0,,,,,0.0,0,0,,,678.0,261250.0,01/09/2014,P,,,,,,,0,0,0,1,1,2,0,1
203407,145000000000.0,5.75,184000,360,55,55,2.0,35.0,672.0,N,P,SF,1,P,MD,219,,753.0,N,None,01/11/2006,5.75,136248.0,37980,,,,,,,,,,0,01/08/2020,,,,,,,,,,,,0,,,,,0.0,0,0,,,672.0,334545.45,01/08/2020,P,,,,,,,0,0,0,0,0,0,0,1
203819,145000000000.0,6.25,200000,360,80,80,1.0,36.0,757.0,N,P,CO,1,P,FL,328,,,N,None,01/12/2006,6.25,126314.79,36740,,,,,,,,,,0,01/05/2020,,,,,,,,,,,,0,,,,,0.0,0,0,,,757.0,250000.0,01/05/2020,P,,,,,,,0,0,0,0,0,0,0,1
207215,145000000000.0,6.625,143000,360,80,80,2.0,49.0,718.0,N,P,SF,1,P,PA,178,,756.0,N,None,01/09/2006,6.625,137224.41,0,,,,,,,,,,0,01/03/2009,,,,,,,,,,,,0,,,,,0.0,0,0,,,718.0,178750.0,01/03/2009,P,,,,,,,0,0,0,0,0,0,0,1
207216,145000000000.0,6.25,120000,360,84,84,2.0,26.0,763.0,N,R,SF,1,P,MO,636,12.0,766.0,N,BPMI,01/07/2006,6.25,111692.16,0,,,,,,,,,,0,01/11/2011,,,,,,,,,,,,0,,,,,0.0,0,0,,,763.0,142857.14,01/11/2011,P,,,,,,,0,0,0,0,0,0,0,1
207217,145000000000.0,6.125,200000,360,67,95,2.0,48.0,783.0,N,P,SF,1,P,OK,736,,807.0,N,None,01/09/2006,6.125,197600.61,0,,,,,,,,,,0,01/10/2007,,,,,,,,,,,,0,,,,,0.0,0,0,,,783.0,298507.46,01/10/2007,P,,,,,,,0,0,0,0,0,0,0,1
207218,145000000000.0,6.375,109000,180,80,80,2.0,32.0,678.0,N,C,SF,1,P,WI,546,,676.0,N,None,01/10/2006,6.375,97883.4,0,,,,,,,,,,0,01/04/2009,,,,,,,,,,,,0,,,,,0.0,0,0,,,676.0,136250.0,01/04/2009,P,,,,,,,0,0,0,0,0,0,0,1
207219,145000000000.0,6.0,265000,360,73,73,1.0,40.0,771.0,N,P,SF,1,P,MI,481,,,Y,None,01/09/2006,6.0,258753.95,19820,,,,,,,,,,0,01/07/2008,,,,,,,,,,,,0,,,,,0.0,0,0,,,771.0,363013.7,01/07/2008,P,,,,,,,0,0,0,0,0,0,0,1
207220,145000000000.0,6.125,306000,360,73,73,2.0,50.0,735.0,N,C,SF,1,P,CA,917,,741.0,N,None,01/09/2006,6.125,300883.38,40140,,,,,,,,,,0,01/02/2008,,,,,,,,,,,,0,,,,,0.0,0,0,,,735.0,419178.08,01/02/2008,P,,,,,,,0,0,0,0,0,0,0,1
207221,145000000000.0,6.5,150000,360,32,32,1.0,55.0,742.0,N,C,SF,1,P,MA,21,,,N,None,01/08/2006,6.5,140747.96,14460,,,,,,,,,,0,01/06/2010,,,,,,,,,,,,0,,,,,0.0,0,0,,,742.0,468750.0,01/06/2010,P,,,,,,,0,0,0,0,0,0,0,1
207222,145000000000.0,6.125,150000,360,80,90,2.0,48.0,687.0,Y,P,SF,1,P,CO,806,,639.0,N,None,01/09/2006,6.125,135765.86,24540,,,,,,,,,,0,01/05/2013,,,,,,,,,,,,0,,,,,0.0,0,0,,,639.0,187500.0,01/05/2013,P,,,,,,,0,0,0,0,0,0,0,1
207223,145000000000.0,7.25,50000,360,59,59,1.0,44.0,698.0,N,C,SF,1,P,AL,359,,,N,None,01/10/2006,7.25,48656.73,0,,,,,,,,,,0,01/02/2009,01/10/2008,,,,,,,,48796.41,,,0,,,,,0.0,0,0,,,698.0,84745.76,01/02/2009,P,,,,,,,0,0,0,0,1,1,0,1
207224,145000000000.0,6.5,220000,360,80,80,1.0,60.0,697.0,N,C,SF,1,P,NY,105,,,N,None,01/09/2006,6.5,207509.84,35620,,,,,,,,,,0,01/05/2011,,,,,,,,,,,,0,,,,,0.0,0,0,,,697.0,275000.0,01/05/2011,P,,,,,,,0,0,0,0,0,0,0,1
207225,145000000000.0,6.25,175000,360,70,70,1.0,40.0,719.0,N,P,SF,1,P,IL,601,,,N,None,01/08/2006,6.25,172394.41,16980,,,,,,,,,,0,01/01/2008,,,,,,,,,,,,0,,,,,0.0,0,0,,,719.0,250000.0,01/01/2008,P,,,,,,,0,0,0,0,0,0,0,1
207226,145000000000.0,6.25,168000,360,80,80,1.0,30.0,659.0,N,C,SF,1,P,WA,985,,,N,None,01/12/2006,6.25,151793.27,0,,,,,,,,,,0,01/10/2012,,,,,,,,,,,,0,,,,,0.0,0,0,,,659.0,210000.0,01/10/2012,P,,,,,,,0,0,0,0,0,0,0,1
207227,145000000000.0,6.5,130000,360,67,67,2.0,48.0,754.0,N,C,SF,1,P,NE,683,,756.0,N,None,01/08/2006,6.5,125605.62,0,,,,,,,,,,0,01/08/2009,,,,,,,,,,,,0,,,,,0.0,0,0,,,754.0,194029.85,01/08/2009,P,,,,,,,0,0,0,0,0,0,0,1
207228,145000000000.0,6.0,332000,360,80,95,2.0,40.0,687.0,N,P,SF,1,P,WA,980,,688.0,N,None,01/10/2006,6.0,326670.07,42660,,,,,,,,,,0,01/01/2008,,,,,,,,,,,,0,,,,,0.0,0,0,,,687.0,415000.0,01/01/2008,P,,,,,,,0,0,0,0,0,0,0,1
207229,145000000000.0,6.625,262000,360,80,80,2.0,42.0,689.0,N,C,SF,1,P,FL,335,,679.0,N,None,01/08/2006,6.625,231250.77,45300,,,,,,,,,,0,01/11/2014,,,,,,,,,,,,0,,,,,0.0,0,0,,,679.0,327500.0,01/11/2014,P,,,,,,,0,0,0,0,0,0,0,1
207230,145000000000.0,6.25,142000,360,80,80,1.0,38.0,721.0,N,C,SF,1,P,OR,973,,,N,None,01/11/2006,6.25,109035.15,41420,,,,,,,,,,0,01/06/2015,,,,,,,,,,,,0,,,,,0.0,0,0,,,721.0,177500.0,01/06/2015,P,,,,,,,0,0,0,0,0,0,0,1
207231,145000000000.0,6.0,114000,180,75,75,1.0,45.0,707.0,N,C,SF,1,I,GA,310,,,N,None,01/10/2006,6.0,92793.63,47580,,,,,,,,,,0,01/12/2010,,,,,,,,,,,,0,,,,,0.0,0,0,,,707.0,152000.0,01/12/2010,P,,,,,,,0,0,0,0,0,0,0,1
207232,145000000000.0,6.875,106000,360,80,80,1.0,,733.0,N,R,SF,1,I,IL,604,,,N,None,01/11/2006,6.875,98832.11,16980,,,,,,,,,,0,01/01/2012,,,,,,,,,,,,0,,,,,0.0,0,0,,,733.0,132500.0,01/01/2012,P,,,,,,,0,0,0,0,0,0,0,1
207233,145000000000.0,7.25,32000,360,90,90,2.0,34.0,781.0,N,P,SF,1,I,CO,807,25.0,775.0,N,BPMI,01/11/2006,7.25,21121.27,0,,,,,,,,,,0,01/03/2013,,,,,,,,,,,,0,,,,,0.0,0,0,,,775.0,35555.56,01/03/2013,P,,,,,,,0,0,0,0,0,0,0,1
207234,145000000000.0,6.0,417000,360,70,83,2.0,36.0,786.0,N,P,SF,1,P,IL,604,,794.0,N,None,01/11/2006,6.0,390028.87,16980,,,,,,,,,,0,01/03/2010,,,,,,,,,,,,0,,,,,0.0,0,0,,,786.0,595714.29,01/03/2010,P,,,,,,,0,0,0,0,0,0,0,1
207235,145000000000.0,6.875,170000,360,71,71,1.0,38.0,647.0,N,C,CO,1,P,MD,207,,,N,None,01/09/2006,6.875,166336.66,47900,,,,,,,,,,0,01/11/2008,01/09/2008,,,,,,,,166661.49,,,0,,,,,0.0,0,0,,,647.0,239436.62,01/11/2008,P,,,,,,,0,0,0,0,1,1,0,1
207236,145000000000.0,6.75,248000,360,88,88,2.0,32.0,689.0,N,C,SF,1,P,AZ,853,25.0,737.0,N,BPMI,01/10/2006,6.75,231707.12,38060,,,,,,,,,,0,01/02/2012,,,,,,,,,,,,0,,,,,0.0,0,0,,,689.0,281818.18,01/02/2012,P,,,,,,,0,0,0,0,0,0,0,1
207237,145000000000.0,6.75,125000,360,26,67,2.0,59.0,788.0,N,C,SF,1,S,GA,302,,787.0,N,None,01/08/2006,6.75,118385.33,31420,,,,,,,,,,0,01/06/2008,,,,,,,,,,,,0,,,,,0.0,0,0,,,787.0,480769.23,01/06/2008,P,,,,,,,0,0,0,0,0,0,0,1
207238,145000000000.0,6.375,137000,360,70,70,2.0,28.0,726.0,N,C,SF,1,P,MO,657,,682.0,N,None,01/10/2006,6.375,134467.93,44180,,,,,,,,,,0,01/03/2008,01/11/2007,,,,,,,,135009.59,,,0,,,,,0.0,0,0,,,682.0,195714.29,01/03/2008,P,,,,,,,0,0,0,0,1,1,0,1
207239,145000000000.0,6.25,139000,360,47,47,1.0,20.0,809.0,N,R,SF,1,P,MI,481,,,N,None,01/10/2006,6.25,831.42,11460,,,,,,,,,,0,01/11/2014,,,,,,,,,,,,0,,,,,0.0,0,0,,,809.0,295744.68,01/11/2014,P,,,,,,,0,0,0,0,0,0,0,1
224785,145000000000.0,6.5,56000,360,80,95,1.0,28.0,683.0,Y,P,SF,1,P,OH,445,,,N,None,01/10/2006,6.5,49745.62,49660,,,,,,,,,,0,01/10/2014,,,,,,,,,,,,0,,,,,0.0,0,0,,,683.0,70000.0,01/10/2014,P,,,,,,,0,0,0,0,0,0,0,1
224786,145000000000.0,6.875,104000,360,90,90,2.0,30.0,760.0,N,P,SF,1,I,UT,840,25.0,762.0,N,BPMI,01/11/2006,6.875,95324.56,36260,,,,,,,,,,0,01/07/2013,,,,,,,,,,,,0,,,,,0.0,0,0,,,760.0,115555.56,01/07/2013,P,,,,,,,0,0,0,0,0,0,0,1
224787,145000000000.0,6.125,312000,360,80,80,1.0,,796.0,N,P,PU,1,S,FL,334,,,N,None,01/10/2006,6.125,240649.95,33100,,,,,,,,,,0,01/11/2014,01/05/2013,,,,,,,,252706.22,,,0,,,,,0.0,0,0,,,796.0,390000.0,01/11/2014,P,,,,,,,0,0,0,0,1,1,0,1
224788,145000000000.0,6.375,160000,360,50,50,1.0,51.0,633.0,N,C,SF,1,P,CA,955,,,N,None,01/12/2006,6.375,145724.52,0,,,,,,,,,,0,01/08/2013,,,,,,,,,,,,0,,,,,0.0,0,0,,,633.0,320000.0,01/08/2013,P,,,,,,,0,0,0,0,0,0,0,1
224789,145000000000.0,6.75,192000,360,77,77,2.0,40.0,612.0,N,C,SF,1,P,FL,327,,641.0,N,None,01/09/2006,6.75,166148.15,19660,,,,,,,,,,0,01/02/2015,01/08/2009,,,,,,,,183525.01,,,0,,,,,0.0,0,0,,,612.0,249350.65,01/02/2015,P,,,,,,,0,0,0,0,1,1,0,1
224790,145000000000.0,6.625,148000,360,73,90,1.0,30.0,634.0,N,R,SF,1,P,CO,800,,,N,None,01/09/2006,6.625,122702.97,19740,,,,,,,,,,0,01/09/2015,01/12/2009,,,,,,,,142463.34,,,0,,,,,0.0,0,0,,,634.0,202739.73,01/09/2015,P,,,,,,,0,0,0,0,1,1,0,1
227887,145000000000.0,6.875,130000,360,80,80,1.0,51.0,643.0,N,R,SF,1,P,KY,405,,,N,None,01/08/2006,6.875,115244.51,30460,3742.21,0.0,750.0,1088.72,1842.95,68114.07,0.0,0.0,0.0,0,01/06/2016,01/05/2009,01/09/2012,01/10/2012,01/12/2012,01/02/2013,01/02/2013,119841.19,130000.0,125868.42,120004.71,120004.71,0,,,,,0.0,0,0,75.0,119841.19,643.0,162500.0,01/06/2016,S,1.0,12532.84,0.0,67087.16,0.582129,,1,1,1,1,1,5,2,0
228427,145000000000.0,6.5,185000,360,67,67,1.0,33.0,657.0,N,C,PU,1,P,NV,891,,,N,None,01/10/2006,6.5,173201.83,29820,12439.36,7138.0,350.0,2405.72,4744.1,120852.63,0.0,0.0,2800.87,0,01/04/2012,01/12/2009,01/01/2010,01/02/2010,01/03/2010,01/05/2010,01/05/2010,173201.83,185000.0,173201.83,173201.83,173201.83,0,,,,,0.0,0,0,40.0,173201.83,657.0,276119.4,01/08/2012,F,1.0,29292.76,0.0,105918.27,0.611531,,1,1,1,1,1,5,2,0
229947,145000000000.0,6.375,180000,360,72,72,2.0,38.0,735.0,N,C,SF,1,P,UT,847,,684.0,N,None,01/10/2006,6.375,156535.81,41100,,,,,,,,,,0,01/03/2015,01/05/2011,01/01/2012,,,,,,,169573.01,167713.74,,0,,,,,0.0,0,0,,,684.0,250000.0,01/03/2015,P,,,,,,,0,0,0,1,1,2,0,1
231585,145000000000.0,6.875,236000,360,80,80,2.0,35.0,661.0,N,P,PU,1,P,ID,836,,603.0,N,None,01/08/2006,6.875,219719.49,14260,,,,,,,,,,0,01/06/2012,,,,,,,,,,,,0,,,,,0.0,0,0,,,603.0,295000.0,01/06/2012,P,,,,,,,0,0,0,0,0,0,0,1
232781,145000000000.0,6.875,72000,360,90,90,2.0,40.0,610.0,N,P,SF,1,P,MN,562,17.0,,N,BPMI,01/08/2006,6.875,68212.94,0,3982.58,2880.0,1030.0,-331.47,1168.0,22939.3,12555.05,0.0,216.0,0,01/04/2011,01/01/2009,01/11/2010,01/12/2010,01/01/2011,01/03/2011,01/03/2011,68212.94,72000.0,69843.73,68212.94,68212.94,0,,,,,0.0,0,0,52.0,68212.94,610.0,80000.0,01/02/2012,F,1.0,6305.43,0.0,47537.13,0.696893,,1,1,1,1,1,5,2,0
234268,145000000000.0,6.875,187000,360,80,80,1.0,33.0,590.0,N,R,SF,1,P,TN,372,,,N,None,01/09/2006,6.875,180686.72,34980,,,,,,,,,,0,01/08/2009,01/10/2008,01/11/2008,01/12/2008,,,,,,181996.58,181996.58,181996.58,0,,,,,0.0,0,0,,,590.0,233750.0,01/08/2009,P,,,,,,,0,0,1,1,1,3,0,1
235079,145000000000.0,6.5,120000,360,71,71,2.0,22.0,781.0,N,P,SF,1,P,NY,145,,770.0,N,None,01/09/2006,6.5,114198.92,40380,,,,,,,,,,0,01/07/2009,,,,,,,,,,,,0,,,,,0.0,0,0,,,770.0,169014.08,01/07/2009,P,,,,,,,0,0,0,0,0,0,0,1
236450,145000000000.0,6.0,371000,360,76,76,2.0,24.0,732.0,N,R,CO,1,P,IL,601,,,N,None,01/10/2006,6.0,360633.6,16980,,,,,,,,,,0,01/01/2009,,,,,,,,,,,,0,,,,,0.0,0,0,,,732.0,488157.89,01/01/2009,P,,,,,,,0,0,0,0,0,0,0,1
236451,145000000000.0,6.5,152000,360,95,95,2.0,22.0,805.0,N,P,SF,1,S,AZ,850,30.0,,N,BPMI,01/09/2006,6.5,141099.47,38060,,,,,,,,,,0,01/05/2008,,,,,,,,,,,,0,,,,,0.0,0,0,,,805.0,160000.0,01/05/2008,P,,,,,,,0,0,0,0,0,0,0,1
236452,145000000000.0,6.5,60000,240,43,43,1.0,30.0,581.0,N,C,SF,1,P,FL,329,,,N,None,01/08/2006,6.5,57693.52,37340,,,,,,,,,,0,01/04/2008,,,,,,,,,,,,0,,,,,0.0,0,0,,,581.0,139534.88,01/04/2008,P,,,,,,,0,0,0,0,0,0,0,1
236453,145000000000.0,6.375,417000,360,88,88,2.0,52.0,692.0,N,P,CO,1,P,PA,152,25.0,,Y,LPMI,01/09/2006,6.375,388514.99,38300,,,,,,,,,,0,01/01/2012,,,,,,,,,,,,0,,,,,0.0,0,0,,,692.0,473863.64,01/01/2012,P,,,,,,,0,0,0,0,0,0,0,1
236454,145000000000.0,6.625,170000,180,80,80,1.0,34.0,793.0,N,C,SF,1,P,IL,605,,,N,None,01/09/2006,6.625,150137.53,16980,,,,,,,,,,0,01/08/2009,,,,,,,,,,,,0,,,,,0.0,0,0,,,793.0,212500.0,01/08/2009,P,,,,,,,0,0,0,0,0,0,0,1
236455,145000000000.0,6.5,155000,360,49,49,1.0,47.0,712.0,N,C,SF,1,P,CA,953,,,N,None,01/10/2006,6.5,141653.66,33700,,,,,,,,,,0,01/05/2013,,,,,,,,,,,,0,,,,,0.0,0,0,,,712.0,316326.53,01/05/2013,P,,,,,,,0,0,0,0,0,0,0,1
236456,145000000000.0,6.0,125000,120,23,23,1.0,19.0,776.0,N,C,PU,1,P,AZ,857,,,N,None,01/10/2006,6.0,102996.81,46060,,,,,,,,,,0,01/03/2009,,,,,,,,,,,,0,,,,,0.0,0,0,,,776.0,543478.26,01/03/2009,P,,,,,,,0,0,0,0,0,0,0,1
236457,145000000000.0,7.5,135000,360,90,90,2.0,59.0,706.0,N,C,CO,1,P,IL,625,25.0,706.0,N,BPMI,01/08/2006,7.5,127272.78,0,,,,,,,,,,0,01/12/2011,,,,,,,,,,,,0,,,,,0.0,0,0,,,706.0,150000.0,01/12/2011,P,,,,,,,0,0,0,0,0,0,0,1
236458,145000000000.0,6.375,59000,180,51,51,1.0,42.0,625.0,N,C,SF,1,I,TX,770,,,N,None,01/09/2006,6.375,40154.56,26420,,,,,,,,,,0,01/04/2012,01/04/2008,,,,,,,,55514.18,,,0,,,,,0.0,0,0,,,625.0,115686.27,01/04/2012,P,,,,,,,0,0,0,0,1,1,0,1
236459,145000000000.0,6.0,200000,180,70,70,2.0,28.0,740.0,N,P,SF,1,P,TX,767,,,N,None,01/11/2006,6.0,175247.65,47380,,,,,,,,,,0,01/05/2009,,,,,,,,,,,,0,,,,,0.0,0,0,,,740.0,285714.29,01/05/2009,P,,,,,,,0,0,0,0,0,0,0,1
236460,145000000000.0,6.375,382000,360,46,46,1.0,35.0,763.0,N,C,PU,1,P,NV,891,,,N,None,01/11/2006,6.375,369630.45,29820,,,,,,,,,,0,01/09/2009,01/02/2007,,,,,,,,0.0,,,0,,,,,0.0,0,0,,,763.0,830434.78,01/09/2009,P,,,,,,,0,0,0,0,0,0,0,1
236461,145000000000.0,6.125,380000,180,65,65,2.0,47.0,718.0,N,C,SF,1,P,PA,191,,,N,None,01/08/2006,6.125,330808.1,37980,,,,,,,,,,0,01/07/2009,,,,,,,,,,,,0,,,,,0.0,0,0,,,718.0,584615.38,01/07/2009,P,,,,,,,0,0,0,0,0,0,0,1
236462,145000000000.0,6.125,128000,360,39,39,2.0,29.0,666.0,N,C,SF,1,P,VA,230,,,N,None,01/08/2006,6.125,107522.22,40060,,,,,,,,,,0,01/02/2013,,,,,,,,,,,,0,,,,,0.0,0,0,,,666.0,328205.13,01/02/2013,P,,,,,,,0,0,0,0,0,0,0,1
236463,145000000000.0,6.25,126000,360,75,75,2.0,25.0,756.0,N,R,SF,1,P,TX,757,,,N,None,01/10/2006,6.25,119650.99,0,,,,,,,,,,0,01/11/2010,,,,,,,,,,,,0,,,,,0.0,0,0,,,756.0,168000.0,01/11/2010,P,,,,,,,0,0,0,0,0,0,0,1
236464,145000000000.0,5.99,115000,360,80,80,1.0,33.0,732.0,Y,P,SF,1,P,TX,787,,,N,None,01/06/2006,5.99,806.63,12420,,,,,,,,,,0,01/07/2013,,,,,,,,,,,,0,,,,,0.0,0,0,,,732.0,143750.0,01/07/2013,P,,,,,,,0,0,0,0,0,0,0,1
252823,145000000000.0,7.125,66000,360,60,70,1.0,34.0,704.0,N,C,SF,1,P,AL,352,,,N,None,01/08/2006,7.125,49989.67,13820,,,,,,,,,,0,01/09/2021,01/04/2021,01/05/2021,01/06/2021,01/07/2021,01/09/2021,01/09/2021,49989.67,66000.0,49989.67,49989.67,49989.67,0,,,,,0.0,0,0,178.0,49989.67,704.0,110000.0,01/09/2021,6,,,,,,,1,1,1,1,1,5,2,0
253028,145000000000.0,6.875,204000,360,80,80,1.0,4.0,775.0,N,P,CO,1,I,PR,9,,,N,None,01/09/2006,6.875,165337.86,41980,,,,,,,,,,0,01/09/2021,01/03/2020,01/05/2020,01/06/2020,01/07/2020,01/09/2020,01/09/2020,157036.26,204000.0,157474.19,157036.26,157036.26,0,,,,,0.0,0,0,165.0,157036.26,775.0,255000.0,01/09/2021,C,,,0.0,,,,1,1,1,1,1,5,2,0
254054,145000000000.0,6.375,117000,360,74,74,1.0,21.0,593.0,N,C,SF,1,P,VA,230,,,N,None,01/10/2006,6.375,84499.84,40060,,,,,,,,,,0,01/09/2021,01/02/2016,,,,,,,,100412.95,,,0,,,,,0.0,0,0,,,593.0,158108.11,01/09/2021,C,,,,,,,0,0,0,0,1,1,0,1
254970,145000000000.0,6.5,274000,360,72,72,2.0,50.0,649.0,N,C,SF,1,P,NV,890,,639.0,N,None,01/11/2006,6.5,246169.84,29820,5786.84,0.0,0.0,1949.24,2683.48,201422.81,0.0,0.0,283.0,0,01/10/2016,01/02/2014,01/03/2014,01/04/2014,01/05/2014,01/08/2014,01/08/2014,246169.84,274000.0,246566.14,246566.14,246566.14,0,,,,,0.0,0,0,89.0,246566.14,639.0,380555.56,01/10/2016,N,1.0,40371.85,0.0,95255.44,0.38695,,1,1,1,1,1,5,2,0
255793,145000000000.0,5.59,112000,360,74,74,1.0,45.0,723.0,Y,P,SF,1,P,FL,327,,,N,None,01/04/2006,5.59,73892.67,36740,,,,,,,,,,0,01/09/2021,01/02/2013,,,,,,,,98607.76,,,0,,,,,0.0,0,0,,,723.0,151351.35,01/09/2021,C,,,,,,,0,0,0,0,1,1,0,1
256303,145000000000.0,6.125,113000,360,80,80,2.0,38.0,655.0,N,C,SF,1,P,AL,368,,626.0,N,None,01/12/2006,6.125,87330.54,0,,,,,,,,,,0,01/06/2018,01/10/2012,01/05/2013,,,,,,,101035.7,100004.56,,0,,,,,0.0,0,0,,,626.0,141250.0,01/06/2018,P,,,,,,,0,0,0,1,1,2,0,1
256363,145000000000.0,6.75,128000,360,77,77,2.0,46.0,784.0,N,P,MH,1,S,NV,890,,799.0,N,None,01/11/2006,6.75,116868.23,0,2302.56,2296.0,7500.0,131.97,292.0,69981.2,0.0,0.0,324.0,0,01/01/2013,01/09/2012,01/10/2012,01/11/2012,01/12/2012,,01/01/2013,,116868.23,116868.23,116868.23,116868.23,0,,,,,0.0,0,0,72.0,116868.23,784.0,166233.77,01/03/2013,F,1.0,4363.08,0.0,63448.64,0.542908,,0,1,1,1,1,4,1,0
256704,145000000000.0,6.5,138000,360,66,66,1.0,56.0,728.0,N,P,PU,1,P,FL,344,,,N,None,01/10/2006,6.5,115607.03,36100,,,,,,,,,,0,01/01/2014,01/07/2012,,,,,,,,122066.36,,,0,,,,,0.0,0,0,,,728.0,209090.91,01/01/2014,P,,,,,,,0,0,0,0,1,1,0,1
256822,145000000000.0,6.125,115000,360,47,47,2.0,26.0,704.0,N,P,SF,1,P,CA,922,,774.0,N,None,01/10/2006,6.125,106132.63,40140,,,,,,,,,,0,01/07/2012,01/06/2012,,,,,,,,106132.63,,,0,,,,,0.0,0,0,,,704.0,244680.85,01/07/2012,P,,,,,,,0,0,0,0,1,1,0,1
258162,145000000000.0,7.0,280000,360,80,80,2.0,36.0,728.0,N,C,SF,1,I,CA,958,,,N,None,01/08/2006,7.0,263891.68,40900,1635.04,528.0,1730.0,428.0,0.0,124254.52,0.0,0.0,0.0,0,01/09/2012,01/09/2011,01/10/2011,01/11/2011,01/12/2011,01/02/2012,01/02/2012,263891.68,280000.0,263891.68,263891.68,263891.68,0,,,,,0.0,0,0,63.0,263891.68,728.0,350000.0,01/10/2012,S,1.0,20473.6,0.0,164431.8,0.623103,,1,1,1,1,1,5,2,0
258426,145000000000.0,7.125,257000,360,90,90,2.0,46.0,686.0,N,C,SF,1,P,NY,126,25.0,673.0,N,BPMI,01/10/2006,7.125,235771.59,39100,,,,,,,,,,0,01/07/2013,01/08/2011,,,,,,,,242807.89,,,0,,,,,0.0,0,0,,,673.0,285555.56,01/07/2013,P,,,,,,,0,0,0,0,1,1,0,1
259241,145000000000.0,6.75,190000,360,75,75,1.0,37.0,808.0,N,C,SF,1,P,AZ,850,,,N,None,01/08/2006,6.75,179539.53,38060,1706.18,0.0,1725.0,-80.25,378.84,48392.81,0.0,0.0,0.0,0,01/05/2012,01/03/2011,01/04/2011,01/05/2011,01/06/2011,01/08/2011,01/08/2011,179539.53,190000.0,179539.53,179539.53,179539.53,0,,,,,0.0,0,0,57.0,179539.53,808.0,253333.33,01/07/2012,S,1.0,16278.25,0.0,151154.74,0.841902,,1,1,1,1,1,5,2,0
260204,145000000000.0,5.75,294000,360,70,70,2.0,56.0,713.0,N,C,SF,1,P,CA,923,,680.0,N,None,01/11/2006,2.875,241391.95,40140,,,,,,,,,,0,01/01/2016,01/11/2010,01/02/2011,01/03/2011,,,,,,278034.98,277266.24,277266.24,1,01/06/2011,281574.31,34508.18,0.0,0.0,0,1,,,680.0,420000.0,01/01/2016,P,,,,,,34508.18,0,0,1,1,1,3,0,1
260835,145000000000.0,6.75,111000,360,46,46,1.0,38.0,773.0,N,C,SF,1,P,NV,895,,,N,None,01/09/2006,6.75,91464.73,39900,,,,,,,,,,0,01/12/2017,01/09/2010,,,,,,,,105711.64,,,0,,,,,0.0,0,0,,,773.0,241304.35,01/12/2017,P,,,,,,,0,0,0,0,1,1,0,1
261232,145000000000.0,6.5,176000,360,77,77,2.0,26.0,587.0,N,C,SF,1,P,UT,840,,608.0,N,None,01/09/2006,6.5,154220.15,41620,,,,,,,,,,0,01/09/2020,01/07/2010,01/12/2014,01/06/2015,01/07/2015,01/10/2015,01/10/2015,153871.89,176000.0,167567.99,155495.8,154146.21,1,01/12/2015,159224.66,0.0,0.0,0.0,1,1,105.0,154146.21,587.0,228571.43,01/09/2020,L,,,0.0,,,0.0,1,1,1,1,1,5,2,0
261487,145000000000.0,6.875,160000,360,97,97,1.0,36.0,755.0,Y,P,PU,1,P,FL,336,35.0,,N,LPMI,01/10/2006,6.875,153685.48,45300,3666.25,0.0,1700.0,297.54,0.0,40700.98,61771.14,0.0,0.0,0,01/04/2011,01/06/2010,01/07/2010,01/08/2010,01/09/2010,01/11/2010,01/11/2010,153685.48,160000.0,153685.48,153685.48,153685.48,0,,,,,0.0,0,0,46.0,153685.48,755.0,164948.45,01/04/2011,S,1.0,9192.31,0.0,66069.46,0.4299,,1,1,1,1,1,5,2,0
261755,145000000000.0,6.5,144000,360,80,95,1.0,50.0,669.0,N,R,PU,1,P,GA,300,,,N,None,01/10/2006,2.0,121027.53,12060,2681.88,0.0,750.0,358.28,4570.24,114939.88,0.0,0.0,2464.08,0,01/10/2017,01/05/2010,01/07/2011,01/10/2011,01/11/2011,01/01/2012,01/01/2012,135460.93,144000.0,138040.98,135810.95,135460.93,1,01/07/2012,141123.96,30354.61,0.0,0.0,1,1,60.0,135460.93,669.0,180000.0,01/10/2017,S,1.0,2995.43,0.0,14979.4,0.123769,30354.61,1,1,1,1,1,5,2,0
263543,145000000000.0,6.5,123000,360,75,100,1.0,43.0,740.0,Y,P,SF,1,P,MI,483,,,N,None,01/11/2006,6.5,115446.77,19820,2970.78,4555.0,2470.0,-159.09,3497.25,103742.74,0.0,0.0,175.0,0,01/06/2012,01/12/2009,01/10/2011,01/01/2012,01/02/2012,01/04/2012,01/04/2012,115446.77,123000.0,118727.67,115748.52,115446.77,0,,,,,0.0,0,0,62.0,115446.77,740.0,164000.0,01/09/2013,F,1.0,13608.29,0.0,38471.26,0.333238,,1,1,1,1,1,5,2,0
264419,145000000000.0,5.875,340000,180,80,80,2.0,29.0,795.0,N,C,SF,1,P,NV,891,,689.0,N,None,01/10/2006,5.875,118982.56,29820,,,,,,,,,,0,01/02/2016,01/11/2009,,,,,,,,291918.57,,,0,,,,,0.0,0,0,,,689.0,425000.0,01/02/2016,P,,,,,,,0,0,0,0,1,1,0,1
264801,145000000000.0,6.05,305000,360,78,78,2.0,27.0,784.0,N,C,SF,1,P,FL,334,,813.0,N,None,01/01/2006,5.0,262602.07,33100,,,,,,,,,,0,01/09/2021,01/10/2009,01/11/2009,01/01/2010,,,,,,290599.65,290599.65,290226.31,1,01/02/2010,294126.14,84962.14,66411.72,0.0,1,1,,,784.0,391025.64,01/09/2021,C,,,0.0,,,151373.86,0,0,1,1,1,3,0,1
265372,145000000000.0,6.25,350000,360,80,80,2.0,33.0,624.0,N,C,SF,1,P,NC,275,,661.0,N,None,01/10/2006,6.25,316602.93,0,,,,,,,,,,0,01/07/2011,01/09/2009,,,,,,,,327433.05,,,0,,,,,0.0,0,0,,,624.0,437500.0,01/07/2011,P,,,,,,,0,0,0,0,1,1,0,1
265695,145000000000.0,7.375,250000,360,80,80,1.0,30.0,691.0,N,P,PU,1,P,FL,331,6.0,,N,BPMI,01/09/2006,4.875,230266.9,33100,,,,,,,,,,0,01/09/2020,01/08/2009,01/09/2009,01/10/2009,01/11/2009,01/02/2010,01/02/2010,242831.13,250000.0,243063.99,243063.99,243063.99,1,01/05/2011,262576.67,100498.68,32595.96,0.0,1,1,37.0,243063.99,691.0,312500.0,01/09/2020,L,,,0.0,,,133094.64,1,1,1,1,1,5,2,0
265859,145000000000.0,5.875,150000,180,77,77,2.0,48.0,675.0,N,C,SF,1,P,IL,610,,647.0,N,None,01/12/2006,5.875,133198.17,40420,,,,,,,,,,0,01/09/2009,01/08/2009,,,,,,,,133198.17,,,0,,,,,0.0,0,0,,,647.0,194805.19,01/09/2009,P,,,,,,,0,0,0,0,1,1,0,1
266157,145000000000.0,6.25,232000,360,53,53,1.0,48.0,686.0,N,C,SF,1,P,CA,925,,,N,None,01/10/2006,6.25,205727.28,40140,,,,,,,,,,0,01/08/2017,01/07/2009,01/01/2010,01/02/2010,01/03/2010,01/05/2010,01/05/2010,223308.61,232000.0,224615.1,223308.61,223308.61,1,01/09/2016,206729.29,0.0,0.0,0.0,1,1,40.0,223308.61,686.0,437735.85,01/08/2017,P,,,,,,0.0,1,1,1,1,1,5,2,0
266217,145000000000.0,6.75,347000,360,70,70,1.0,51.0,733.0,N,C,SF,1,P,FL,327,,,N,None,01/09/2006,6.75,335709.5,36740,3748.47,16926.47,1305.0,11577.21,20274.65,175418.2,0.0,0.0,0.0,0,01/11/2014,01/07/2009,01/09/2009,01/10/2009,01/11/2009,01/01/2010,01/01/2010,335709.5,347000.0,336066.52,335709.5,335709.5,0,,,,,0.0,0,0,37.0,335709.5,733.0,495714.29,01/08/2015,F,1.0,130702.9,0.0,344826.0,1.027156,,1,1,1,1,1,5,2,0
268512,145000000000.0,5.875,75000,180,80,80,2.0,24.0,768.0,N,P,CO,1,S,MS,386,,741.0,N,None,01/11/2006,5.875,58437.7,0,,,,,,,,,,0,01/08/2011,01/02/2009,,,,,,,,67904.42,,,0,,,,,0.0,0,0,,,741.0,93750.0,01/08/2011,P,,,,,,,0,0,0,0,1,1,0,1
268639,145000000000.0,6.375,396000,360,70,70,2.0,41.0,682.0,N,R,SF,1,S,MA,26,,638.0,N,None,01/10/2006,6.375,328442.22,12700,,,,,,,,,,0,01/08/2017,01/02/2009,01/09/2011,,,,,,,385290.58,371652.15,,0,,,,,0.0,0,0,,,638.0,565714.29,01/08/2017,P,,,,,,,0,0,0,1,1,2,0,1
269070,145000000000.0,6.375,178000,360,53,53,1.0,38.0,627.0,N,C,SF,1,P,NJ,70,,,N,None,01/09/2006,6.375,170059.29,35620,,,,,,,,,,0,01/06/2010,01/01/2009,,,,,,,,173416.39,,,0,,,,,0.0,0,0,,,627.0,335849.06,01/06/2010,P,,,,,,,0,0,0,0,1,1,0,1
269547,145000000000.0,6.25,102000,360,89,89,1.0,44.0,646.0,N,P,SF,1,P,TN,376,25.0,,N,BPMI,01/12/2006,6.25,96988.4,27740,,,,,,,,,,0,01/02/2011,01/12/2008,,,,,,,,100043.58,,,0,,,,,0.0,0,0,,,646.0,114606.74,01/02/2011,P,,,,,,,0,0,0,0,1,1,0,1
269772,145000000000.0,6.5,112000,360,55,55,2.0,18.0,644.0,N,C,SF,1,P,MI,494,,586.0,N,None,01/09/2006,6.5,108826.66,34740,2892.52,1911.0,0.0,-29.19,1386.9,106570.15,0.0,0.0,0.0,0,01/05/2009,01/11/2008,01/12/2008,01/01/2009,01/02/2009,01/04/2009,01/04/2009,108826.66,112000.0,108826.66,108826.66,108826.66,0,,,,,0.0,0,0,28.0,108826.66,586.0,203636.36,01/10/2009,F,1.0,6692.84,0.0,15110.58,0.13885,,1,1,1,1,1,5,2,0
270008,145000000000.0,6.375,320000,360,80,80,1.0,46.0,628.0,N,C,SF,1,P,MA,18,,,N,None,01/11/2006,5.375,272769.04,14460,,,,,,,,,,0,01/10/2019,01/11/2008,01/05/2009,01/09/2009,01/10/2009,01/12/2009,01/12/2009,310388.45,320000.0,313102.7,311419.8,310388.45,1,01/03/2010,328356.33,87032.67,1982.08,0.0,1,1,34.0,310388.45,628.0,400000.0,01/10/2019,P,,,,,,89014.75,1,1,1,1,1,5,2,0
270074,145000000000.0,6.75,75000,360,79,79,2.0,38.0,632.0,N,C,SF,1,P,IA,505,,648.0,N,None,01/10/2006,5.5,59479.21,0,,,,,,,,,,0,01/06/2021,01/11/2008,01/02/2009,01/03/2009,01/05/2009,,,,,73870.43,73722.18,73722.18,1,01/06/2009,77174.0,9443.13,0.0,0.0,1,1,30.0,73647.43,632.0,94936.71,01/06/2021,P,,,,,,9443.13,0,1,1,1,1,4,1,0
270329,145000000000.0,6.25,80000,180,60,60,1.0,19.0,638.0,N,C,SF,1,P,NM,874,,,N,None,01/11/2006,6.25,55631.33,22140,,,,,,,,,,0,01/07/2015,01/10/2008,01/01/2009,01/02/2009,01/03/2009,01/05/2009,01/05/2009,70920.55,80000.0,71775.81,70920.55,70920.55,1,01/04/2011,81635.66,0.0,0.0,0.0,0,1,27.0,70920.55,638.0,133333.33,01/07/2015,P,,,,,,0.0,1,1,1,1,1,5,2,0
270424,145000000000.0,6.5,180000,360,78,78,2.0,35.0,706.0,N,C,PU,1,I,FL,346,,639.0,N,None,01/09/2006,2.0,211071.32,45300,,,,,,,,,,0,01/08/2011,01/10/2008,01/11/2008,01/12/2008,01/02/2009,01/04/2009,01/04/2009,175841.24,180000.0,176025.5,176025.5,176025.5,1,01/05/2011,211849.65,1583.77,606.38,0.0,1,1,28.0,175841.24,639.0,230769.23,01/08/2011,R,,,,,,2190.15,1,1,1,1,1,5,2,0
271577,145000000000.0,6.25,60000,360,80,80,1.0,31.0,697.0,Y,P,SF,1,P,IA,524,,,N,None,01/10/2006,6.25,40953.24,16300,,,,,,,,,,0,01/09/2021,01/08/2008,,,,,,,,58585.38,,,0,,,,,0.0,0,0,,,697.0,75000.0,01/09/2021,C,,,,,,,0,0,0,0,1,1,0,1
272053,145000000000.0,6.25,153000,360,37,37,1.0,32.0,660.0,N,C,SF,1,P,NY,114,,,N,None,01/11/2006,6.25,147247.89,35620,7795.78,0.0,500.0,842.55,7303.79,153666.5,0.0,0.0,4236.63,0,01/07/2018,01/06/2008,01/06/2009,01/08/2009,01/01/2010,01/05/2013,01/05/2013,140700.81,153000.0,150603.41,148810.77,148642.67,1,01/03/2014,149368.63,0.0,0.0,0.0,1,1,37.0,147961.46,660.0,413513.51,01/07/2018,N,1.0,17375.25,0.0,23162.13,0.1573,0.0,1,1,1,1,1,5,2,0
272176,145000000000.0,6.5,38000,360,48,48,1.0,31.0,800.0,N,R,CO,1,P,OH,445,,,N,None,01/09/2006,6.5,36208.48,49660,,,,,,,,,,0,01/10/2010,01/06/2008,01/11/2008,01/01/2009,,,,,,37314.18,37159.84,37120.93,0,,,,,0.0,0,0,,,800.0,79166.67,01/10/2010,P,,,,,,,0,0,1,1,1,3,0,1
272233,145000000000.0,6.25,105000,360,80,80,2.0,37.0,626.0,Y,P,SF,1,P,IA,500,,653.0,N,None,01/12/2006,6.25,101695.87,11180,,,,,,,,,,0,01/07/2009,01/06/2008,01/02/2009,,,,,,,103145.34,102377.04,,0,,,,,0.0,0,0,,,626.0,131250.0,01/07/2009,P,,,,,,,0,0,0,1,1,2,0,1
272526,145000000000.0,7.375,100000,360,70,70,1.0,37.0,573.0,N,C,SF,1,P,NJ,80,,,N,None,01/08/2006,4.375,73119.57,37980,,,,,,,,,,0,01/06/2021,01/05/2008,01/02/2010,01/07/2010,01/11/2010,,,,,98430.07,96552.28,96159.6,1,01/12/2010,96423.41,31253.63,0.0,0.0,1,1,50.0,95959.59,573.0,142857.14,01/06/2021,L,,,0.0,,,31253.63,0,1,1,1,1,4,1,0
273343,145000000000.0,6.75,75000,180,75,75,1.0,18.0,651.0,N,C,CO,1,P,OH,441,,,N,None,01/08/2006,6.75,54349.84,17460,,,,,,,,,,0,01/04/2015,01/02/2008,01/10/2009,01/11/2009,01/12/2009,01/02/2010,01/02/2010,65591.95,75000.0,70846.7,65591.95,65591.95,1,01/10/2010,79576.17,0.0,0.0,0.0,0,1,38.0,65591.95,651.0,100000.0,01/04/2015,P,,,,,,0.0,1,1,1,1,1,5,2,0
275166,145000000000.0,6.625,208000,360,76,76,2.0,32.0,647.0,N,C,SF,1,P,WI,540,,617.0,N,None,01/08/2006,6.625,180937.93,33460,,,,,,,,,,0,01/10/2015,01/11/2007,,,,,,,,205729.69,,,0,,,,,0.0,0,0,,,617.0,273684.21,01/10/2015,P,,,,,,,0,0,0,0,1,1,0,1
275697,145000000000.0,6.25,107000,360,59,59,2.0,32.0,616.0,N,C,SF,1,P,CA,932,,633.0,N,None,01/11/2006,4.0,101430.77,47300,,,,,,,,,,0,01/10/2017,01/09/2007,01/12/2007,01/01/2008,01/02/2008,01/04/2009,01/04/2009,105028.85,107000.0,106569.01,106354.59,106354.59,1,01/11/2010,110937.14,28026.14,4738.49,0.0,1,1,14.0,106354.59,616.0,181355.93,01/10/2017,L,,,,,,32764.63,1,1,1,1,1,5,2,0
276293,145000000000.0,7.125,128000,360,88,88,1.0,31.0,646.0,N,P,CO,1,P,KY,402,25.0,,N,BPMI,01/09/2006,5.0,110829.27,31140,12762.3,0.0,0.0,383.39,1027.06,85221.78,0.0,0.0,5662.5,0,01/07/2018,01/08/2007,01/10/2007,01/11/2007,01/12/2007,01/04/2009,01/04/2009,125235.04,128000.0,127109.39,126999.48,126999.48,1,01/12/2009,141240.71,29208.58,0.0,0.0,1,1,15.0,126999.48,646.0,145454.55,01/07/2018,N,1.0,9448.2,0.0,43565.94,0.393091,29208.58,1,1,1,1,1,5,2,0
276804,145000000000.0,7.375,297000,360,80,80,2.0,39.0,516.0,N,P,SF,1,P,FL,346,,628.0,N,None,01/09/2006,3.125,326472.58,45300,,,,,,,,,,0,01/09/2021,01/07/2007,01/04/2009,01/05/2009,01/08/2009,01/10/2009,01/10/2009,289567.97,297000.0,295140.71,290106.19,290106.19,1,01/02/2010,311695.98,161286.54,9782.07,0.0,1,1,34.0,289567.97,516.0,371250.0,01/09/2021,7,,,0.0,,,171068.61,1,1,1,1,1,5,2,0
280289,145000000000.0,6.375,203000,360,90,90,2.0,32.0,779.0,N,P,MH,1,P,WA,983,30.0,760.0,N,BPMI,01/10/2006,6.375,193130.78,0,,,,,,,,,,0,01/12/2010,01/12/2006,,,,,,,,0.0,,,0,,,,,0.0,0,0,,,760.0,225555.56,01/12/2010,P,,,,,,,0,0,0,0,0,0,0,1
280886,145000000000.0,6.125,405000,360,79,79,2.0,9.0,816.0,N,R,SF,1,P,OH,452,,802.0,N,None,01/04/2003,6.125,359207.92,17140,,,,,,,,,,0,01/05/2009,01/10/2006,,,,,,,,0.0,,,0,,,,,0.0,0,0,,,802.0,512658.23,01/05/2009,P,,,,,,,0,0,0,0,0,0,0,1
